State,District,Agro_Climatic_Zone,Major_Soil
Maharashtra,Pune,Western Plateau and Hills (Zone 9),Medium to Deep Black Soil
Maharashtra,Nashik,Western Plateau and Hills (Zone 9),Black and Red Soil
Maharashtra,Nagpur,Eastern Plateau and Hills (Zone 7),Deep Black Soil
Maharashtra,Aurangabad,Western Plateau and Hills (Zone 9),Medium Black Soil
Maharashtra,Kolhapur,Western Plateau and Hills (Zone 9),Laterite and Deep Black Soil
Maharashtra,Solapur,Western Plateau and Hills (Zone 9),Medium Black Soil
Uttar Pradesh,Lucknow,Upper Gangetic Plains (Zone 5),Alluvial Soil
Uttar Pradesh,Agra,Upper Gangetic Plains (Zone 5),Alluvial Soil
Uttar Pradesh,Kanpur Nagar,Upper Gangetic Plains (Zone 5),Alluvial Soil
Uttar Pradesh,Varanasi,Middle Gangetic Plains (Zone 4),Alluvial Soil
Uttar Pradesh,Meerut,Upper Gangetic Plains (Zone 5),Loamy Alluvial Soil
Punjab,Ludhiana,Trans-Gangetic Plains (Zone 6),Alluvial Loam
Punjab,Amritsar,Trans-Gangetic Plains (Zone 6),Alluvial Loam
Punjab,Patiala,Trans-Gangetic Plains (Zone 6),Alluvial Loam
Punjab,Bhatinda,Trans-Gangetic Plains (Zone 6),Sandy Loam
Madhya Pradesh,Indore,Central Plateau and Hills (Zone 8),Medium Black Soil
Madhya Pradesh,Bhopal,Central Plateau and Hills (Zone 8),Deep Black Soil
Madhya Pradesh,Ujjain,Central Plateau and Hills (Zone 8),Medium Black Soil
Madhya Pradesh,Jabalpur,Central Plateau and Hills (Zone 8),Mixed Red and Black Soil
Gujarat,Ahmedabad,Gujarat Plains and Hills (Zone 13),Sandy Loam to Clay
Gujarat,Rajkot,Gujarat Plains and Hills (Zone 13),Medium Black Soil
Gujarat,Surat,Gujarat Plains and Hills (Zone 13),Deep Black Soil
Gujarat,Vadodara,Gujarat Plains and Hills (Zone 13),Black and Alluvial Soil
Karnataka,Bengaluru Rural,Southern Plateau and Hills (Zone 10),Red Loam
Karnataka,Belagavi,Southern Plateau and Hills (Zone 10),Medium Black and Laterite
Karnataka,Dharwad,Southern Plateau and Hills (Zone 10),Medium Black Soil
Karnataka,Mysuru,Southern Plateau and Hills (Zone 10),Red Sandy Loam
