Crop,Seed_Variety,Notification_Year,Maturity_Days,Recommended_State_Region,Yield_Potential_Quintal_Ha,Agency,Availability_Status
Rice,Indrayani,1994,135-140,Maharashtra (Western Ghats & Plains),45,Mahabeej (MSSC) / ICAR,Certified Seed Available
Rice,PR-126,2016,123-125,"Punjab, Haryana",75,Punjab Agricultural University / NSC,Certified Seed Available
Rice,Pusa Basmati 1509,2013,115-120,"Punjab, Haryana, Western Uttar Pradesh",60,ICAR - IARI / National Seeds Corporation,Certified Seed Available
Rice,Sona Masuri (BPT 5204),1986,145-150,"Karnataka, Andhra Pradesh, Telangana",55,Acharya N.G. Ranga Agri University / NSC,Certified Seed Available
Maize,Pusa HM-4 (QPM),2008,85-90,"Maharashtra, Uttar Pradesh, Punjab, Karnataka",65,ICAR - IARI / NSC,Certified Seed Available
Maize,DKC 9108 (Bio-Seed Hybrid),2018,95-105,"Maharashtra, Madhya Pradesh, Gujarat",80,Certified Private / State Seed Agency,Available Through Retailers
Chickpea,Vijay (Phule G-81-1-1),1993,85-90 (Wilt Resistant),"Maharashtra, Madhya Pradesh",22,MPKV Rahuri / Mahabeej,Certified Seed Available
Chickpea,JG 16 (Jawahar Gram 16),2007,95-100,"Madhya Pradesh, Uttar Pradesh",25,JNKVV Jabalpur / NSC,Certified Seed Available
Pigeonpeas,BDN 711,2009,150-160,"Maharashtra (Marathwada, Vidarbha)",22,VNMKV Parbhani / Mahabeej,Certified Seed Available
Cotton,Bt-Cotton (Bollgard II Hybrids),2006,160-175,"Maharashtra, Gujarat, Punjab, Andhra Pradesh",28,Mahyco / Rasi Seeds / State Licensure,Available Under Cotton Control Order
Pomegranate,Bhagwa (Kesar),2004,Air Layering / Tissue Grafts,"Maharashtra, Karnataka, Gujarat",140,ICAR - National Research Centre on Pomegranate (Solapur),Govt/Accredited Nursery Saplings Available
Grapes,Thompson Seedless / Tas-A-Ganesh,Traditional Commercial Grafts,Rootstock Graft (Dog Ridge),"Maharashtra (Nashik, Pune, Sangli)",250,ICAR - National Research Centre for Grapes (Pune),Accredited Grafts Available
Banana,Grand Naine (G-9 Tissue Culture),Commercial Standard,11-12 Months Harvest,"Maharashtra (Jalgaon), Gujarat, Tamil Nadu",650,ICAR - National Research Centre for Banana / State Dept,Tissue Culture Plantlets Available
Orange,Nagpur Mandarin (Santra),Commercial Standard,Budded Grafts on Jambhiri,"Maharashtra (Nagpur, Amravati), Madhya Pradesh",110,ICAR - Central Citrus Research Institute (Nagpur),Certified Nursery Budded Grafts Available
Mango,Dasheri / Chausa / Langra,Commercial Standard Grafts,Veneer / Inarching Graft,"Uttar Pradesh, Bihar",130,ICAR - Central Institute for Subtropical Horticulture (Lucknow),Accredited Grafts Available
Mango,Alphonso (Hapus),Commercial Standard Grafts,Wedge Grafted,"Maharashtra (Konkan, Pune)",95,DBSKKV Dapoli / Mahabeej,Certified Grafts Available
