N,P,K,temperature,humidity,ph,rainfall,label
94.98,58.77,42.32,24.19,81.56,5.86,186.97,rice
114.65,50.03,42.08,20.14,89.7,7.41,205.48,rice
87.27,39.59,38.04,23.67,84.32,6.17,253.42,rice
85.58,42.3,38.66,23.19,87.85,5.96,241.71,rice
103.7,36.16,41.08,21.19,80.65,7.68,295.88,rice
350.0,42.62,35.98,24.79,84.4,5.78,239.42,rice
81.38,57.73,37.59,24.64,83.12,6.7,245.61,rice
87.39,59.24,42.75,26.58,88.95,6.88,290.62,rice
83.54,39.9,35.45,22.28,83.89,6.12,279.45,rice
94.27,42.02,40.43,20.99,88.02,5.67,1200.0,rice
,39.97,35.06,25.71,87.07,7.18,272.55,rice
82.96,43.96,36.16,26.04,86.23,6.26,187.63,rice
92.44,43.13,42.3,24.46,88.87,6.59,194.35,rice
108.53,54.02,40.61,25.4,84.94,6.7,231.3,rice
81.02,37.7,35.31,24.45,83.14,6.67,288.91,rice
89.97,45.26,42.56,21.6,80.77,15.5,199.35,rice
117.19,55.2,41.33,26.1,88.04,5.93,287.11,rice
101.57,55.19,43.96,22.23,81.1,6.02,231.25,rice
112.72,56.52,35.07,23.58,84.17,6.01,194.38,rice
93.5,58.57,38.23,23.63,87.03,6.34,296.61,rice
118.5,41.29,39.97,22.11,82.85,5.58,253.15,rice
100.11,36.29,37.79,26.36,82.4,5.83,238.73,rice
119.43,41.05,41.72,25.33,82.38,7.17,224.13,rice
105.29,50.84,40.36,20.63,88.35,6.24,202.38,rice
81.63,49.77,41.78,20.12,85.12,6.02,257.42,rice
86.97,52.27,38.87,26.56,81.38,,193.62,rice
116.99,56.93,37.58,24.62,88.17,6.78,243.56,rice
89.67,37.33,43.97,26.3,86.33,6.28,221.91,rice
109.04,57.43,43.87,25.46,86.42,5.69,199.4,rice
115.94,50.16,35.09,20.71,86.64,5.51,199.3,rice
101.95,52.3,41.52,21.57,87.12,6.05,219.05,rice
109.86,51.24,43.49,24.6,85.68,5.72,224.13,rice
90.61,41.1,44.73,22.75,88.92,6.95,275.38,rice
100.11,49.42,39.93,21.37,87.22,6.15,182.92,rice
105.82,39.43,44.4,26.68,89.15,6.35,181.85,rice
117.13,45.7,44.67,26.75,88.53,6.18,226.21,rice
114.05,42.92,36.69,23.9,89.36,7.1,248.41,rice
83.89,50.38,44.9,20.98,85.18,7.52,268.89,rice
107.88,52.56,38.59,22.06,88.09,7.36,284.05,rice
116.53,47.78,40.02,25.59,86.5,7.11,275.5,rice
115.6,43.45,38.76,20.66,85.78,5.58,235.87,rice
101.71,42.16,40.91,20.21,80.37,7.39,223.22,rice
85.08,48.06,42.7,,86.23,5.7,186.2,rice
101.25,48.52,41.37,25.08,89.76,6.69,218.75,rice
111.81,41.77,39.39,20.55,80.25,7.71,280.32,rice
107.84,45.22,36.73,21.1,82.5,6.76,265.75,rice
106.41,42.0,44.55,25.17,85.54,6.91,230.35,rice
89.91,43.9,42.58,20.1,81.16,5.61,184.89,rice
114.22,52.59,39.74,20.68,84.92,6.59,200.78,rice
97.35,44.96,41.16,24.45,80.45,6.36,255.1,rice
80.13,56.41,21.59,19.47,56.41,6.46,61.33,maize
83.43,58.51,20.75,21.49,67.87,6.19,87.28,maize
97.66,44.65,24.61,26.15,58.92,5.6,65.04,maize
60.73,37.36,21.83,18.64,61.38,6.77,61.16,maize
92.58,42.05,16.18,24.27,67.58,6.82,96.75,maize
92.14,42.05,16.77,24.76,71.14,6.99,80.63,maize
74.88,54.41,18.41,26.38,72.17,6.14,97.54,maize
90.18,37.58,24.03,22.55,71.53,5.98,104.78,maize
75.57,35.27,24.05,18.82,61.39,6.93,107.53,maize
82.94,50.8,19.48,20.64,61.57,6.51,97.62,maize
91.66,54.74,15.91,22.45,56.15,6.32,82.08,maize
95.51,43.77,16.17,19.29,70.23,6.43,65.06,maize
63.36,52.52,15.73,25.4,69.12,5.62,64.24,maize
99.47,44.36,18.71,25.32,73.94,6.98,97.67,maize
75.05,37.09,22.77,23.03,63.48,6.86,65.56,maize
79.71,35.28,19.69,18.51,57.38,5.68,92.46,maize
89.84,49.58,24.62,21.37,60.71,6.8,71.18,maize
98.53,35.3,24.7,18.39,72.82,6.29,109.65,maize
62.95,48.85,24.69,22.71,67.59,6.54,82.73,maize
85.1,49.61,24.01,18.41,60.62,6.93,104.51,maize
78.23,50.5,17.77,19.69,64.27,6.03,89.18,maize
63.11,59.36,24.86,24.28,65.72,5.96,100.69,maize
87.39,39.07,24.11,25.4,74.0,6.59,90.67,maize
76.73,58.32,23.66,18.41,55.53,6.06,100.53,maize
99.49,38.76,20.94,21.43,74.4,6.76,101.92,maize
78.75,45.37,17.73,18.51,72.29,6.72,109.99,maize
99.87,48.89,22.69,26.5,71.99,5.87,82.53,maize
65.17,58.85,21.06,20.06,68.43,6.43,77.91,maize
64.54,51.79,20.2,24.95,65.4,6.78,87.6,maize
82.44,56.92,19.03,19.21,55.58,6.63,91.02,maize
88.16,40.32,16.36,18.13,62.01,6.38,79.61,maize
77.5,57.6,18.48,22.63,70.67,6.09,91.1,maize
94.49,58.74,16.47,26.34,64.84,5.89,82.96,maize
99.2,47.32,18.29,23.7,59.8,5.61,66.44,maize
65.12,38.8,16.39,23.77,58.64,6.02,104.84,maize
78.96,51.69,16.72,19.73,55.82,5.75,73.93,maize
67.08,37.22,16.21,22.15,59.13,6.05,85.17,maize
87.62,35.98,22.99,23.65,56.64,6.81,106.04,maize
62.44,41.92,23.06,24.73,,5.81,78.52,maize
79.38,50.46,18.69,22.16,69.95,5.56,72.62,maize
88.53,57.38,20.12,22.79,57.14,6.17,86.63,maize
69.7,41.73,18.77,18.18,61.44,5.82,76.37,maize
64.79,57.26,20.94,24.11,70.78,6.25,64.35,maize
81.48,49.67,22.45,21.88,57.55,5.93,78.15,maize
85.84,49.27,18.56,26.88,67.12,5.86,65.09,maize
66.11,41.15,16.61,19.68,60.7,5.76,104.84,maize
63.21,48.11,19.1,26.84,57.24,6.1,108.47,maize
94.62,55.43,17.58,19.54,68.37,6.89,87.84,maize
82.86,42.0,22.69,19.68,61.47,6.14,85.38,maize
69.7,37.87,21.11,20.6,66.62,5.73,84.06,maize
35.98,56.3,78.37,17.54,14.38,8.77,74.67,chickpea
44.3,61.37,81.82,20.04,17.57,7.32,77.36,chickpea
30.47,78.24,83.31,20.86,14.75,8.05,93.15,chickpea
25.44,56.66,82.41,19.3,19.05,6.39,88.86,chickpea
26.05,59.09,76.64,20.26,17.99,7.46,75.76,chickpea
46.32,64.81,83.17,18.76,16.26,7.3,74.04,chickpea
42.43,67.57,77.32,20.6,16.3,7.52,92.19,chickpea
38.73,57.92,84.4,19.51,16.01,6.39,88.82,chickpea
38.6,68.34,83.94,20.15,14.91,6.87,72.45,chickpea
42.32,55.84,80.7,20.05,19.26,6.96,89.64,chickpea
23.32,76.16,76.27,18.59,18.78,6.42,71.88,chickpea
41.67,73.0,81.41,19.78,17.26,6.71,75.37,chickpea
25.45,77.71,80.83,18.6,16.77,8.65,69.6,chickpea
37.59,67.65,81.11,17.07,19.23,8.61,81.95,chickpea
40.9,78.06,82.07,17.61,17.46,7.7,77.72,chickpea
42.09,78.36,84.26,18.8,14.68,8.76,90.17,chickpea
23.74,78.02,83.7,19.08,17.55,7.12,66.64,chickpea
30.06,75.07,75.05,18.33,16.39,7.5,92.6,chickpea
30.39,63.67,82.38,18.81,15.35,7.27,69.23,chickpea
25.29,67.46,79.19,20.66,16.17,7.63,83.97,chickpea
20.39,71.59,76.78,20.84,14.89,7.16,,chickpea
49.91,67.55,80.95,17.27,18.5,6.59,91.94,chickpea
26.15,59.77,75.37,18.89,17.39,6.18,88.27,chickpea
33.6,68.11,79.41,18.6,17.36,6.43,70.46,chickpea
45.85,78.65,78.73,18.08,17.86,7.14,65.76,chickpea
24.68,72.9,81.59,17.11,15.33,6.65,85.16,chickpea
20.59,57.6,83.0,17.71,17.92,6.67,67.98,chickpea
27.3,73.06,83.56,20.32,16.38,7.87,71.15,chickpea
28.79,77.41,75.13,17.34,15.25,6.07,70.44,chickpea
37.49,65.54,83.93,20.27,16.05,6.73,76.39,chickpea
37.71,61.7,81.24,18.64,17.31,7.22,73.83,chickpea
48.45,74.09,76.4,20.47,16.92,8.5,89.0,chickpea
32.76,55.56,77.69,19.17,17.8,6.72,69.18,chickpea
45.05,79.61,80.26,17.69,15.63,6.05,92.43,chickpea
23.53,69.41,77.74,19.22,17.91,8.32,71.19,chickpea
20.33,58.42,84.0,20.5,17.58,7.68,84.95,chickpea
25.26,77.86,79.19,18.53,17.11,6.13,69.99,chickpea
42.14,57.07,81.03,17.98,16.34,6.81,75.67,chickpea
41.57,62.43,80.66,18.9,17.98,8.62,86.98,chickpea
26.45,55.78,77.62,19.38,14.31,7.39,82.91,chickpea
30.03,74.27,76.07,17.3,18.37,7.39,85.65,chickpea
33.04,61.16,83.19,20.2,18.17,6.76,82.71,chickpea
30.83,57.29,84.17,17.55,19.7,7.25,70.55,chickpea
36.26,76.82,82.32,20.23,17.95,7.94,90.48,chickpea
27.49,67.24,77.21,20.95,19.66,6.11,86.17,chickpea
47.76,59.51,80.68,20.66,14.2,7.95,73.92,chickpea
47.73,79.28,84.44,18.9,19.17,8.36,74.57,chickpea
44.87,55.93,80.96,17.92,14.72,6.22,85.89,chickpea
30.2,73.12,75.65,18.26,17.24,8.21,74.56,chickpea
38.78,77.15,81.16,17.93,14.15,8.44,65.64,chickpea
36.87,68.22,24.39,22.99,24.99,5.68,129.05,kidneybeans
25.05,67.0,21.28,23.74,24.89,5.88,97.6,kidneybeans
25.53,73.44,17.39,16.1,20.48,5.64,86.67,kidneybeans
20.84,56.05,15.18,24.88,20.99,5.69,121.17,kidneybeans
20.46,78.75,22.86,15.89,20.92,5.94,145.03,kidneybeans
26.69,70.34,16.67,24.91,19.62,5.97,118.47,kidneybeans
30.19,67.82,17.31,16.77,19.54,5.59,130.16,kidneybeans
23.75,56.45,24.69,23.84,24.49,6.0,75.65,kidneybeans
24.91,73.96,21.96,16.54,23.71,5.61,80.14,kidneybeans
28.42,69.82,20.8,15.91,24.14,5.63,71.66,kidneybeans
37.22,78.89,23.62,23.1,22.59,5.78,67.83,kidneybeans
25.21,64.32,17.6,22.23,21.47,5.54,79.82,kidneybeans
32.08,56.9,23.51,19.95,21.36,5.8,134.22,kidneybeans
23.7,71.95,20.66,17.67,24.15,5.9,119.26,kidneybeans
36.26,76.68,22.08,23.37,22.88,5.84,115.68,kidneybeans
33.82,58.97,23.81,23.72,18.2,5.91,71.6,kidneybeans
23.38,73.59,16.61,23.18,23.82,5.75,60.57,kidneybeans
22.18,70.42,24.81,21.32,19.82,5.82,108.6,kidneybeans
34.5,57.67,22.61,20.41,24.74,5.67,116.94,kidneybeans
38.3,57.56,24.37,21.88,18.47,5.65,123.74,kidneybeans
16.68,69.55,18.46,21.21,18.32,5.94,147.61,kidneybeans
39.22,73.74,16.3,22.58,18.17,5.51,89.12,kidneybeans
27.22,74.26,21.83,19.46,19.92,6.0,98.36,kidneybeans
26.28,59.09,22.95,21.94,19.55,5.54,121.24,kidneybeans
31.36,61.83,24.51,16.51,21.03,5.97,97.78,kidneybeans
30.96,64.94,17.74,24.84,20.87,5.95,80.7,kidneybeans
20.33,55.78,21.52,18.69,24.05,5.74,147.14,kidneybeans
19.64,76.72,22.77,22.71,23.91,5.88,116.36,kidneybeans
18.28,55.81,24.21,21.17,23.58,5.74,70.56,kidneybeans
18.13,72.14,19.3,17.01,21.44,5.53,112.38,kidneybeans
21.72,74.94,18.1,19.55,18.08,5.54,95.32,kidneybeans
27.0,70.0,17.92,21.95,24.02,5.89,63.57,kidneybeans
27.01,57.62,17.42,24.87,19.0,5.75,115.63,kidneybeans
32.56,68.99,15.1,18.26,21.62,5.54,91.56,kidneybeans
15.83,56.96,18.97,16.33,21.97,5.84,132.05,kidneybeans
20.0,59.19,16.05,21.36,22.95,5.52,144.26,kidneybeans
16.3,68.53,22.09,23.71,23.0,5.9,90.55,kidneybeans
35.37,57.0,23.95,20.48,23.72,5.73,117.92,kidneybeans
28.16,73.29,15.82,15.6,19.73,5.58,138.46,kidneybeans
20.48,79.4,18.37,16.82,23.53,5.83,104.84,kidneybeans
28.88,72.98,17.28,24.96,24.82,5.83,77.96,kidneybeans
32.01,56.8,15.31,17.58,21.24,5.93,125.45,kidneybeans
33.57,65.64,18.46,18.71,24.91,5.52,138.03,kidneybeans
29.47,65.97,22.25,19.87,24.11,5.95,97.95,kidneybeans
21.92,69.81,24.12,17.11,22.36,5.82,125.98,kidneybeans
18.29,72.9,24.09,16.8,19.66,5.99,76.29,kidneybeans
36.36,67.31,17.47,23.71,21.12,5.76,92.33,kidneybeans
29.82,59.09,18.91,24.69,19.81,5.83,89.27,kidneybeans
34.34,58.27,24.7,19.54,19.65,5.54,75.28,kidneybeans
27.99,63.43,23.29,19.31,19.74,5.81,123.61,kidneybeans
19.18,58.35,18.26,32.73,53.23,5.92,182.86,pigeonpeas
35.14,66.71,24.08,22.12,33.92,5.31,96.28,pigeonpeas
28.28,73.73,18.28,20.44,45.83,7.3,124.78,pigeonpeas
27.68,55.83,19.04,37.73,63.78,4.51,194.7,pigeonpeas
30.98,72.36,21.18,28.31,47.11,6.5,105.36,pigeonpeas
15.75,61.16,22.93,22.04,53.57,7.41,100.33,pigeonpeas
31.82,63.88,24.08,21.54,54.24,7.01,193.91,pigeonpeas
32.08,64.94,22.32,35.38,49.97,4.59,192.4,pigeonpeas
32.24,68.53,19.51,31.18,43.79,6.45,101.73,pigeonpeas
31.45,74.99,18.34,37.54,44.24,7.11,176.06,pigeonpeas
29.18,,24.15,26.08,41.45,6.5,178.86,pigeonpeas
34.06,70.96,21.05,34.36,34.21,6.13,90.63,pigeonpeas
23.11,62.33,20.77,31.91,43.6,5.85,116.13,pigeonpeas
24.33,59.55,18.51,30.07,53.39,6.36,140.98,pigeonpeas
24.49,72.27,21.63,27.58,30.9,5.52,131.82,pigeonpeas
24.97,66.6,21.74,30.16,56.77,6.94,168.99,pigeonpeas
38.89,55.36,19.37,18.15,52.66,7.19,116.78,pigeonpeas
38.18,56.21,24.54,25.03,33.55,5.96,118.25,pigeonpeas
22.12,61.15,23.62,28.78,40.9,6.33,168.78,pigeonpeas
21.82,63.27,18.85,21.62,53.84,5.04,147.77,pigeonpeas
32.73,57.14,21.97,23.13,63.7,5.95,178.66,pigeonpeas
28.76,55.87,22.43,37.03,51.06,6.96,187.26,pigeonpeas
20.7,59.24,22.28,26.22,59.4,7.2,128.88,pigeonpeas
20.92,70.61,19.92,34.45,44.83,6.5,100.51,pigeonpeas
30.6,64.04,22.11,21.36,55.79,7.09,113.84,pigeonpeas
17.39,55.47,22.49,30.14,49.13,5.2,133.0,pigeonpeas
29.86,64.94,24.91,20.73,54.33,5.71,137.1,pigeonpeas
32.94,68.85,24.94,20.57,33.64,6.67,153.62,pigeonpeas
21.85,56.59,18.6,35.88,36.72,5.47,114.93,pigeonpeas
23.87,56.39,21.63,19.35,58.01,5.2,149.4,pigeonpeas
37.0,68.02,21.73,24.49,41.66,6.51,199.36,pigeonpeas
31.55,66.16,23.11,27.3,32.1,6.19,195.34,pigeonpeas
19.38,68.8,19.41,28.72,33.38,5.85,173.18,pigeonpeas
23.69,68.3,23.57,36.54,38.21,5.7,106.77,pigeonpeas
39.81,73.54,21.78,34.84,48.23,6.37,99.8,pigeonpeas
33.88,57.55,23.78,33.64,54.81,4.61,123.34,pigeonpeas
21.58,62.2,18.61,36.74,49.38,5.42,133.67,pigeonpeas
26.18,67.01,21.61,36.39,47.39,7.48,183.66,pigeonpeas
20.21,73.61,18.81,34.35,43.32,7.13,185.49,pigeonpeas
35.15,70.8,20.13,19.62,44.1,5.02,166.44,pigeonpeas
23.65,74.51,22.49,34.45,34.64,7.09,191.5,pigeonpeas
27.18,67.13,23.35,21.5,47.59,5.7,106.1,pigeonpeas
24.19,56.36,18.18,20.7,63.71,6.15,196.24,pigeonpeas
25.81,61.24,21.54,26.79,33.7,6.42,113.76,pigeonpeas
30.49,68.0,19.06,19.23,57.33,5.88,96.4,pigeonpeas
39.87,56.16,22.87,37.67,38.37,4.93,103.35,pigeonpeas
22.58,57.02,22.85,19.25,47.83,7.49,179.54,pigeonpeas
30.38,61.13,22.37,28.54,44.91,4.89,187.53,pigeonpeas
26.24,58.89,20.57,26.28,58.96,6.7,174.62,pigeonpeas
15.28,63.32,21.37,18.38,39.09,6.78,105.08,pigeonpeas
28.38,40.38,15.12,25.93,64.4,8.71,73.18,mothbeans
27.2,37.74,20.48,27.64,61.11,4.14,51.97,mothbeans
18.75,43.12,22.37,27.81,49.4,6.06,50.68,mothbeans
34.63,57.3,24.55,30.3,47.89,7.97,49.69,mothbeans
21.37,56.02,15.38,31.21,51.54,7.64,59.67,mothbeans
37.38,50.92,21.14,24.53,52.96,4.48,63.18,mothbeans
27.81,52.01,15.42,24.68,57.91,3.97,33.21,mothbeans
15.3,58.91,22.38,26.83,47.41,5.77,64.86,mothbeans
31.53,39.63,16.74,24.79,56.51,8.47,41.93,mothbeans
15.52,37.05,24.68,26.36,59.23,7.56,47.19,mothbeans
20.14,38.03,21.15,30.2,56.1,6.95,31.89,mothbeans
39.21,54.97,17.93,31.84,55.05,7.29,63.66,mothbeans
35.29,51.41,16.28,26.71,63.2,4.96,46.75,mothbeans
25.8,45.99,21.13,31.54,46.02,4.29,38.89,mothbeans
37.17,51.15,17.86,30.53,61.53,9.0,71.35,mothbeans
21.31,53.88,19.61,30.74,58.21,8.55,59.53,mothbeans
19.44,48.63,24.85,31.5,41.08,4.57,35.93,mothbeans
33.15,55.44,17.14,28.05,61.02,8.26,54.4,mothbeans
29.76,47.71,17.98,28.52,57.22,9.18,58.63,mothbeans
34.03,39.0,19.62,24.07,46.17,8.22,74.63,mothbeans
17.48,45.04,23.0,25.63,53.88,8.26,57.72,mothbeans
19.7,43.88,22.84,28.43,40.13,8.45,31.59,mothbeans
33.64,40.06,24.58,26.94,48.17,4.47,43.75,mothbeans
36.92,59.91,18.68,27.59,58.05,9.26,56.69,mothbeans
24.79,45.32,21.96,24.03,55.49,5.81,65.74,mothbeans
17.32,49.71,19.81,29.14,41.62,7.27,55.27,mothbeans
29.02,50.09,21.76,30.44,46.75,8.86,52.42,mothbeans
16.93,36.46,18.34,30.28,57.69,8.63,53.28,mothbeans
26.0,38.69,18.28,27.47,42.22,4.93,56.92,mothbeans
33.39,59.96,24.33,29.14,50.53,7.64,65.35,mothbeans
17.96,45.25,23.4,27.07,54.3,7.32,38.3,mothbeans
24.06,43.36,15.26,24.19,60.79,5.27,53.31,mothbeans
22.47,58.52,17.59,27.44,61.82,8.97,38.37,mothbeans
35.07,46.45,19.83,25.07,42.02,8.23,52.34,mothbeans
25.92,53.24,22.66,25.27,55.26,4.38,63.81,mothbeans
31.42,58.92,15.69,24.46,47.05,5.2,41.11,mothbeans
37.66,41.24,17.72,30.08,51.24,8.55,32.94,mothbeans
27.19,35.84,15.63,31.25,43.48,6.96,48.5,mothbeans
23.68,57.5,15.22,29.31,64.08,7.14,72.16,mothbeans
16.31,45.47,17.6,29.85,64.53,5.17,59.44,mothbeans
19.95,49.13,19.64,31.78,55.21,5.77,35.13,mothbeans
18.78,40.63,17.51,30.8,54.03,6.9,35.16,mothbeans
36.5,53.07,15.68,29.66,53.59,4.03,50.62,mothbeans
27.12,39.14,24.46,30.8,56.73,6.5,48.53,mothbeans
31.27,48.64,15.62,28.1,60.16,6.49,32.34,mothbeans
34.66,40.03,17.59,25.32,48.26,8.42,53.37,mothbeans
20.12,56.95,23.8,30.96,45.97,6.43,74.32,mothbeans
34.3,35.68,15.65,27.71,62.73,7.0,52.4,mothbeans
17.64,51.42,23.22,27.04,59.39,9.77,39.17,mothbeans
28.08,42.18,22.93,28.62,55.86,8.69,47.82,mothbeans
37.88,48.33,16.58,28.39,87.93,6.52,56.43,mungbean
37.65,41.92,24.84,27.28,82.02,6.38,57.35,mungbean
31.36,38.8,19.4,28.23,80.83,7.08,55.09,mungbean
27.63,59.18,19.18,28.97,86.68,6.83,39.15,mungbean
37.05,45.69,16.62,27.03,85.6,6.73,52.98,mungbean
37.26,36.99,,27.37,88.58,7.02,48.52,mungbean
32.76,42.86,19.71,28.64,84.59,6.56,47.36,mungbean
35.71,43.38,16.74,28.42,88.26,6.3,41.0,mungbean
18.55,43.7,19.5,28.5,86.51,6.82,43.81,mungbean
36.04,46.78,24.79,28.27,81.26,6.88,43.13,mungbean
32.16,36.74,16.75,28.71,82.27,7.04,41.98,mungbean
31.07,52.35,20.13,27.61,82.13,6.23,42.6,mungbean
31.33,58.46,23.71,28.53,87.88,6.86,41.51,mungbean
37.68,51.77,20.6,27.22,84.47,6.66,56.61,mungbean
28.67,44.51,24.77,27.22,84.23,6.24,53.5,mungbean
37.95,42.0,23.58,27.58,89.11,6.95,55.12,mungbean
15.45,59.07,22.27,27.61,88.29,6.48,56.82,mungbean
17.81,52.59,20.41,27.19,82.42,6.21,46.72,mungbean
22.53,49.96,17.97,27.6,87.43,6.25,57.57,mungbean
36.31,51.7,20.93,28.78,81.85,6.28,40.99,mungbean
34.86,35.87,20.83,28.99,88.56,6.72,36.59,mungbean
35.78,49.97,16.15,27.19,89.1,6.87,55.73,mungbean
36.97,49.29,20.17,27.86,83.17,6.63,54.35,mungbean
30.05,57.31,19.43,28.21,86.31,6.79,52.57,mungbean
20.94,47.81,16.04,27.77,84.88,6.85,58.76,mungbean
30.02,53.59,20.06,28.27,80.71,6.45,44.05,mungbean
26.81,36.14,16.4,27.55,89.72,6.53,47.05,mungbean
19.9,50.27,17.81,27.41,85.17,6.21,35.19,mungbean
20.48,35.92,16.08,27.68,88.03,6.77,47.82,mungbean
22.34,58.29,18.97,27.17,86.17,6.31,43.63,mungbean
27.69,56.86,19.94,28.4,89.93,6.33,41.87,mungbean
24.86,45.55,19.11,28.82,87.14,6.81,42.73,mungbean
35.59,58.88,23.21,27.0,86.36,6.25,41.44,mungbean
16.49,50.09,21.87,27.23,83.84,6.66,44.23,mungbean
18.03,45.47,22.51,27.14,80.8,6.55,58.54,mungbean
31.71,51.97,18.62,28.19,80.1,6.84,57.83,mungbean
30.31,56.84,22.24,27.24,89.02,6.27,48.35,mungbean
18.55,35.29,19.22,27.59,84.86,6.78,36.09,mungbean
18.08,48.97,18.43,28.46,86.52,7.05,52.31,mungbean
25.75,51.82,17.75,27.61,87.89,6.65,54.96,mungbean
35.56,56.44,24.17,27.86,83.19,6.78,44.28,mungbean
30.03,52.64,21.88,27.75,81.67,6.63,38.56,mungbean
37.25,43.65,16.54,27.05,86.46,6.84,43.52,mungbean
16.79,45.24,18.11,28.35,86.06,6.56,40.45,mungbean
39.7,46.35,21.88,27.28,84.86,6.23,47.64,mungbean
39.1,44.61,15.39,27.06,83.88,6.36,35.58,mungbean
33.91,46.46,17.89,28.8,81.16,7.16,42.85,mungbean
37.21,50.07,23.27,28.97,82.88,7.16,44.74,mungbean
24.64,43.51,20.41,27.31,85.54,6.74,54.05,mungbean
35.84,46.01,18.02,27.52,81.95,6.26,43.56,mungbean
45.4,74.33,21.9,28.47,65.8,6.64,66.66,blackgram
52.52,64.78,20.81,34.94,68.8,7.12,68.54,blackgram
52.41,59.03,20.77,25.39,64.76,7.04,63.42,blackgram
59.28,73.19,23.06,30.33,68.7,6.63,71.86,blackgram
42.5,70.88,19.93,33.77,69.44,6.65,66.94,blackgram
59.62,64.67,24.04,30.89,63.75,6.79,63.05,blackgram
55.24,62.73,21.58,29.92,65.77,7.37,74.71,blackgram
48.15,71.55,23.35,30.74,69.56,6.7,61.64,blackgram
57.08,63.78,23.93,33.93,60.62,7.38,66.72,blackgram
50.21,67.53,24.48,25.19,64.77,7.19,70.84,blackgram
53.85,57.69,20.1,28.59,68.04,6.78,63.16,blackgram
59.15,55.18,24.98,31.77,68.28,6.79,60.21,blackgram
54.76,71.68,23.18,26.43,67.53,7.27,69.88,blackgram
55.32,71.92,22.3,25.89,64.88,6.58,66.11,blackgram
48.14,56.32,20.44,26.11,68.08,7.45,61.08,blackgram
59.1,65.45,20.1,25.77,65.01,7.29,70.61,blackgram
41.0,56.46,20.82,27.95,62.32,6.78,72.05,blackgram
58.58,63.1,24.34,28.21,64.76,6.73,69.61,blackgram
59.58,67.07,20.5,31.48,61.23,7.39,67.55,blackgram
48.99,66.72,22.37,25.72,66.83,6.74,70.71,blackgram
56.45,71.08,21.87,30.2,61.43,7.28,64.07,blackgram
49.93,60.69,18.94,31.3,60.54,7.25,64.76,blackgram
40.0,65.22,18.33,27.76,67.07,6.56,72.59,blackgram
40.08,59.94,23.19,28.16,61.02,6.86,64.06,blackgram
56.85,61.27,23.52,33.92,64.34,7.41,65.66,blackgram
59.28,56.79,22.81,29.94,63.88,7.13,70.56,blackgram
40.09,58.34,22.99,31.66,69.66,7.26,74.26,blackgram
54.05,60.96,18.74,32.82,66.44,6.55,65.4,blackgram
59.14,65.01,21.03,29.58,62.09,6.87,65.55,blackgram
41.05,70.35,20.92,33.22,68.5,6.71,69.86,blackgram
49.45,72.6,19.51,31.78,66.08,6.8,62.05,blackgram
53.03,69.77,20.21,31.45,63.95,7.21,62.99,blackgram
57.8,60.75,20.57,25.58,61.12,7.02,64.01,blackgram
56.71,55.29,20.65,28.37,60.19,6.62,66.2,blackgram
49.86,63.09,21.72,30.95,60.1,6.96,74.45,blackgram
50.38,68.55,20.18,32.74,67.73,7.02,74.64,blackgram
42.51,55.34,23.39,33.07,61.2,6.77,60.26,blackgram
45.87,70.46,21.63,28.48,63.72,6.5,64.5,blackgram
52.93,74.48,23.93,25.24,68.99,7.28,71.71,blackgram
49.16,62.96,20.12,25.66,62.28,6.75,67.26,blackgram
54.95,64.48,18.4,34.58,69.43,7.29,74.87,blackgram
50.89,74.26,18.53,28.66,62.25,6.7,62.11,blackgram
52.45,70.63,22.05,26.47,68.11,7.14,65.82,blackgram
53.48,60.2,20.42,34.17,62.91,6.97,73.35,blackgram
54.15,56.24,19.03,25.08,66.31,6.95,62.01,blackgram
59.16,65.59,19.69,30.01,66.8,6.58,64.12,blackgram
56.14,64.19,21.83,29.33,60.44,6.67,66.68,blackgram
44.18,56.0,23.91,34.81,67.93,7.35,63.63,blackgram
59.21,58.94,24.66,34.95,67.12,7.48,68.54,blackgram
45.19,63.74,22.15,25.73,66.22,7.48,62.85,blackgram
34.81,77.7,24.44,29.52,65.21,7.76,50.15,lentil
19.04,66.92,22.18,20.97,66.41,7.17,38.25,lentil
29.13,74.29,19.99,18.15,60.09,6.58,53.52,lentil
20.72,70.86,17.22,21.86,68.48,7.28,36.91,lentil
25.72,55.73,19.81,25.95,61.19,6.45,42.96,lentil
37.99,79.83,15.45,27.13,63.72,6.65,50.09,lentil
37.96,78.77,20.77,22.29,67.88,6.38,46.28,lentil
23.96,71.42,17.4,20.3,69.18,6.09,45.12,lentil
20.52,55.97,15.36,20.1,68.67,6.44,54.01,lentil
29.54,65.92,20.8,24.2,67.59,6.44,42.06,lentil
37.35,78.66,23.93,23.03,67.8,6.81,44.95,lentil
20.12,69.78,16.86,21.98,68.55,6.29,36.42,lentil
16.73,78.52,20.07,22.91,68.11,7.49,41.64,lentil
32.34,74.28,21.55,19.82,68.76,6.92,40.65,lentil
25.63,55.94,16.28,27.19,60.0,6.69,45.45,lentil
16.37,79.33,17.26,21.65,63.04,6.34,35.03,lentil
33.23,79.17,17.24,25.96,67.42,7.51,43.45,lentil
22.57,63.13,22.13,27.8,61.82,6.6,53.04,lentil
35.17,79.62,22.54,22.72,65.91,7.16,36.57,lentil
28.61,72.73,16.67,27.37,65.84,7.71,35.85,lentil
21.63,70.04,17.97,26.57,67.59,6.09,45.28,lentil
27.72,64.23,24.33,27.93,66.97,7.26,44.23,lentil
38.02,72.36,22.29,28.34,62.74,7.43,38.9,lentil
23.63,63.39,24.79,28.28,67.01,7.28,46.24,lentil
38.68,67.41,18.81,19.96,67.86,7.3,42.69,lentil
15.63,75.97,15.11,26.44,69.7,6.73,39.7,lentil
32.62,75.43,20.46,29.6,60.52,6.86,49.37,lentil
36.57,59.48,23.0,24.63,63.97,6.15,52.31,lentil
18.93,62.74,17.9,28.46,66.73,7.41,40.01,lentil
30.62,69.29,23.33,28.87,60.12,7.18,36.04,lentil
28.72,62.19,18.07,22.24,66.21,6.53,49.65,lentil
25.11,56.71,22.84,21.43,64.33,7.2,41.65,lentil
16.41,64.35,24.44,25.7,66.71,7.1,38.98,lentil
25.46,73.77,16.01,21.33,62.76,6.72,54.61,lentil
16.69,67.97,16.79,29.65,61.13,6.67,49.76,lentil
32.61,65.57,18.47,22.77,62.64,6.29,44.66,lentil
21.71,62.19,21.57,29.62,66.04,6.05,36.51,lentil
38.79,62.43,15.92,25.19,66.24,7.13,40.35,lentil
15.38,79.13,17.51,26.11,67.07,7.06,41.26,lentil
21.78,69.94,23.66,29.36,61.06,6.19,53.89,lentil
33.41,77.07,17.03,25.05,67.01,7.19,43.16,lentil
15.38,69.57,17.53,23.4,69.58,6.66,51.8,lentil
19.71,71.81,24.77,19.22,60.08,6.72,36.85,lentil
33.71,77.86,19.34,21.1,64.34,7.27,35.18,lentil
29.74,70.33,21.38,20.9,67.14,6.07,38.99,lentil
36.94,73.47,15.14,20.98,62.14,6.41,39.95,lentil
16.56,66.47,22.33,25.28,66.73,6.05,54.03,lentil
35.96,75.13,23.23,29.19,65.44,6.28,47.34,lentil
33.57,73.45,20.21,18.82,63.71,7.65,46.69,lentil
28.46,61.72,18.68,28.74,66.66,7.4,44.09,lentil
30.76,14.97,42.05,20.99,89.43,6.6,114.04,pomegranate
16.6,26.49,37.92,21.11,85.22,6.01,107.54,pomegranate
16.4,19.82,44.27,18.74,92.64,6.2,109.83,pomegranate
21.51,13.19,36.6,18.49,86.86,6.63,113.23,pomegranate
35.35,23.7,36.1,20.02,88.1,5.92,107.73,pomegranate
28.39,17.14,38.54,23.8,92.89,6.02,113.71,pomegranate
38.82,16.53,38.54,21.54,94.41,6.99,101.54,pomegranate
24.82,21.07,40.03,19.36,93.59,6.65,112.57,pomegranate
36.47,24.97,39.39,22.27,86.6,6.65,102.69,pomegranate
32.35,14.59,36.18,19.16,85.02,6.72,110.99,pomegranate
27.87,13.23,35.84,18.13,86.66,7.01,103.62,pomegranate
23.86,12.11,37.22,21.63,91.08,5.92,100.87,pomegranate
24.78,14.68,37.2,24.72,91.16,6.45,106.24,pomegranate
25.72,20.82,41.96,22.92,86.72,6.35,106.18,pomegranate
36.76,22.63,40.33,18.81,91.06,5.7,105.06,pomegranate
18.57,23.84,37.06,20.74,93.96,5.85,107.62,pomegranate
25.48,10.36,42.93,18.48,89.74,6.45,109.43,pomegranate
32.22,15.07,35.1,23.06,90.36,6.92,112.32,pomegranate
36.08,19.7,38.34,23.54,89.51,5.81,112.82,pomegranate
37.06,19.33,35.76,20.71,93.04,7.03,103.05,pomegranate
16.67,27.55,38.89,21.79,94.68,5.61,109.72,pomegranate
16.85,17.51,43.04,21.03,94.97,6.45,104.82,pomegranate
20.5,17.01,38.73,18.48,88.7,6.29,110.84,pomegranate
31.42,24.18,35.08,19.52,91.62,6.32,100.08,pomegranate
35.11,25.46,40.48,18.47,92.67,6.49,111.73,pomegranate
33.79,26.06,40.18,18.98,91.71,6.55,111.13,pomegranate
19.25,13.9,43.9,23.25,94.08,6.79,108.96,pomegranate
31.35,27.78,40.79,22.43,86.56,6.31,110.75,pomegranate
21.77,14.05,38.14,19.69,87.15,6.22,113.62,pomegranate
27.68,13.76,35.77,22.87,88.83,6.9,109.89,pomegranate
34.91,15.44,41.92,19.85,94.39,6.58,104.87,pomegranate
21.74,13.82,41.95,19.53,90.95,5.95,109.93,pomegranate
35.37,25.56,42.61,19.31,85.88,6.69,105.53,pomegranate
25.81,10.62,37.6,18.24,93.79,5.91,108.36,pomegranate
15.97,23.34,38.23,24.29,93.88,6.05,113.51,pomegranate
39.9,26.51,43.45,19.74,90.77,5.61,101.42,pomegranate
39.97,16.53,42.48,23.65,93.58,7.2,103.62,pomegranate
16.01,18.22,36.3,18.16,88.6,6.83,108.49,pomegranate
22.82,23.09,37.32,18.1,92.64,6.56,111.43,pomegranate
15.97,26.74,41.2,21.94,91.25,6.97,108.8,pomegranate
29.52,29.81,42.57,21.1,92.07,6.16,103.43,pomegranate
29.92,28.56,44.29,20.39,90.28,5.86,114.93,pomegranate
39.53,22.99,43.04,23.01,90.93,5.59,106.82,pomegranate
31.87,23.55,38.73,24.59,86.67,6.35,110.36,pomegranate
32.43,22.97,37.75,19.09,91.36,6.52,102.69,pomegranate
32.63,19.1,41.68,23.86,86.7,5.53,111.69,pomegranate
30.24,23.99,43.38,23.62,94.61,6.41,107.33,pomegranate
25.05,13.07,40.73,19.94,94.21,6.49,108.89,pomegranate
23.87,11.04,35.32,20.96,85.85,6.53,113.21,pomegranate
37.07,23.18,37.11,24.04,93.86,5.83,111.06,pomegranate
91.46,90.07,54.97,25.15,83.97,6.12,119.2,banana
98.6,91.18,45.62,26.68,75.67,6.48,114.51,banana
114.1,93.45,45.85,26.93,75.71,5.71,96.88,banana
98.76,76.71,46.01,25.84,76.47,6.47,112.78,banana
118.71,80.99,47.78,28.99,78.26,5.8,96.98,banana
85.19,76.41,48.55,28.37,75.63,5.71,114.27,banana
85.88,78.57,53.65,25.77,75.83,5.98,99.07,banana
102.54,90.1,46.37,27.9,80.06,5.64,108.72,banana
90.95,82.2,45.82,27.3,78.06,6.32,91.71,banana
96.74,81.46,52.25,27.87,81.67,6.28,115.87,banana
92.56,83.45,53.4,29.95,83.9,5.87,95.85,banana
99.58,88.54,49.93,27.42,83.38,5.86,115.79,banana
96.27,78.21,49.54,28.81,76.26,5.7,118.54,banana
87.02,84.19,50.79,27.45,81.45,5.73,106.58,banana
94.89,86.54,46.41,27.85,76.85,5.78,96.56,banana
87.31,90.64,47.86,29.64,84.7,6.07,94.29,banana
94.98,89.94,48.67,25.44,80.57,6.35,113.88,banana
87.0,86.82,47.21,26.09,83.74,5.75,97.9,banana
80.03,91.77,52.93,28.14,82.5,5.65,103.75,banana
94.05,72.34,49.86,29.6,75.4,5.79,96.23,banana
89.53,92.71,49.68,27.33,82.61,5.65,104.62,banana
97.2,84.92,55.0,28.85,78.98,6.33,95.12,banana
81.22,75.11,48.4,27.55,81.15,6.41,105.3,banana
100.05,71.26,45.35,27.76,79.38,6.34,94.82,banana
81.0,81.23,47.37,25.25,82.25,5.61,108.25,banana
91.24,74.34,48.8,29.01,78.92,6.25,93.76,banana
110.91,75.92,51.77,27.83,84.29,5.89,91.98,banana
80.77,90.67,50.25,28.88,77.34,5.85,90.9,banana
118.46,86.7,54.33,26.33,81.11,6.18,99.53,banana
113.92,93.68,53.85,28.7,77.77,5.78,118.9,banana
80.41,87.9,52.06,28.11,84.9,5.81,100.2,banana
83.16,81.07,47.61,26.72,83.35,6.44,95.57,banana
94.9,93.22,45.62,25.46,76.63,6.1,94.51,banana
118.72,81.17,50.02,26.23,79.71,6.16,112.54,banana
110.15,84.45,54.04,29.09,82.57,5.56,90.21,banana
88.5,86.59,49.11,27.01,83.85,6.4,117.28,banana
92.56,87.28,47.72,25.95,76.85,5.84,102.9,banana
113.24,73.0,52.35,27.66,77.88,5.99,99.0,banana
103.84,80.85,46.64,25.58,80.47,6.4,100.32,banana
109.32,86.47,54.32,29.1,80.67,6.16,116.95,banana
95.98,78.17,45.11,29.13,83.01,5.6,107.31,banana
98.56,72.97,54.81,26.07,75.67,6.09,112.17,banana
81.3,86.47,50.32,25.52,76.73,6.07,98.89,banana
117.53,90.47,54.84,26.3,84.7,5.93,100.43,banana
82.01,71.32,51.92,27.29,77.27,6.11,97.59,banana
103.11,78.98,53.24,29.1,79.77,5.85,100.88,banana
112.23,78.2,47.09,25.42,79.67,5.98,115.23,banana
88.85,79.52,53.08,29.12,78.85,5.96,99.1,banana
117.3,72.97,54.34,28.42,80.32,5.53,104.27,banana
96.31,74.03,51.56,29.86,80.62,6.21,92.05,banana
25.44,17.91,31.13,35.45,51.62,4.69,92.09,mango
28.77,25.08,33.34,34.33,51.12,5.43,90.11,mango
17.65,23.87,29.13,33.08,51.58,4.68,92.91,mango
19.54,18.92,33.27,27.38,49.19,4.92,102.59,mango
28.93,20.78,30.02,33.58,54.58,5.05,102.72,mango
38.36,37.91,31.35,32.67,49.03,6.38,95.63,mango
31.94,25.71,32.31,34.42,46.46,6.58,95.81,mango
36.12,25.78,28.79,35.24,47.51,6.61,94.68,mango
27.85,22.71,30.73,29.93,45.39,5.18,85.13,mango
39.46,39.14,28.95,33.56,48.46,6.18,101.11,mango
38.67,25.01,32.83,29.39,54.9,4.56,97.07,mango
31.49,32.2,26.2,35.45,46.81,6.06,89.45,mango
22.68,28.66,29.17,28.44,46.71,5.55,100.15,mango
37.45,17.1,28.93,27.9,45.17,6.15,97.05,mango
19.08,20.85,25.24,34.51,54.75,4.84,89.63,mango
36.71,38.16,29.2,27.46,45.39,5.93,92.86,mango
15.72,29.58,25.11,34.09,48.06,4.6,96.77,mango
24.94,39.35,30.44,29.48,52.09,5.18,103.08,mango
24.37,28.75,25.51,30.84,53.32,6.51,89.49,mango
20.65,35.43,34.3,27.86,49.5,5.34,102.41,mango
17.09,20.28,32.52,27.46,49.93,5.61,91.69,mango
24.86,28.25,26.61,32.15,53.05,6.4,88.08,mango
18.73,21.7,28.61,30.68,51.8,4.64,85.69,mango
24.8,32.43,26.93,32.77,47.6,6.72,102.91,mango
22.43,20.75,29.11,29.16,51.72,6.57,98.46,mango
35.61,24.92,26.56,33.64,48.6,6.18,90.41,mango
17.03,39.81,26.56,35.9,54.77,6.48,98.19,mango
29.45,36.65,27.89,31.21,51.19,5.53,93.55,mango
23.26,29.11,33.51,28.81,54.34,6.22,101.47,mango
28.9,34.49,25.16,34.37,45.4,6.72,104.84,mango
22.35,20.26,32.65,29.28,53.66,4.76,87.52,mango
39.48,31.85,33.47,29.92,51.76,5.99,97.06,mango
32.06,29.38,29.29,29.48,52.69,5.07,98.85,mango
20.83,30.63,32.47,28.97,45.6,4.83,97.12,mango
36.24,16.12,32.34,30.07,49.79,6.82,91.64,mango
26.63,15.34,25.82,29.33,45.28,6.08,93.53,mango
28.7,19.37,27.96,32.97,54.65,4.63,102.81,mango
29.42,29.1,30.0,27.62,45.9,6.0,91.82,mango
37.93,25.16,26.43,33.43,47.93,5.81,98.96,mango
37.51,34.8,31.76,33.12,54.46,5.24,85.02,mango
21.8,20.45,31.62,32.7,50.93,4.54,99.58,mango
23.09,31.63,30.57,30.08,46.35,4.74,101.63,mango
37.96,31.24,26.03,30.62,52.29,6.45,87.36,mango
15.0,32.8,28.57,29.29,45.13,5.85,102.02,mango
38.94,29.14,30.14,27.77,50.49,5.45,97.14,mango
24.72,21.01,25.95,29.83,45.97,4.94,104.75,mango
26.1,28.3,33.74,35.96,50.83,6.53,91.54,mango
22.64,25.07,31.73,33.14,48.15,4.83,97.65,mango
18.21,29.46,31.93,33.31,52.53,6.68,95.0,mango
33.26,30.48,26.87,27.23,47.85,5.61,97.34,mango
36.25,124.91,196.26,40.76,80.54,5.98,70.86,grapes
28.53,122.15,195.57,11.59,82.93,6.04,67.34,grapes
30.94,140.5,195.42,24.94,83.45,5.75,68.08,grapes
30.34,142.45,203.1,27.83,83.65,5.86,71.41,grapes
26.65,124.75,202.02,26.92,81.79,6.41,65.21,grapes
22.89,121.42,202.67,31.87,81.66,6.18,68.96,grapes
33.91,131.35,199.12,39.78,81.25,5.62,70.85,grapes
39.23,129.45,195.62,19.54,82.53,5.66,71.58,grapes
39.94,131.29,198.55,21.62,80.58,6.38,69.15,grapes
24.68,136.49,199.42,30.04,80.31,6.31,74.41,grapes
31.22,143.86,196.51,24.23,83.01,6.08,69.01,grapes
23.45,123.17,198.92,13.53,83.67,5.71,65.59,grapes
28.81,134.88,203.72,27.62,81.73,6.3,70.4,grapes
16.98,134.15,204.08,21.47,81.48,5.64,66.51,grapes
25.82,134.89,195.81,39.95,83.78,6.09,73.28,grapes
17.0,131.92,201.3,36.17,83.92,5.78,74.41,grapes
18.11,141.88,204.71,14.02,83.61,5.54,69.05,grapes
27.91,134.52,204.36,30.86,82.41,6.31,74.51,grapes
15.55,144.56,195.86,35.69,81.4,5.63,69.4,grapes
31.1,129.52,195.55,28.38,84.51,5.88,67.16,grapes
26.06,121.21,203.2,36.1,82.94,5.85,73.0,grapes
28.87,140.65,201.31,34.67,82.99,5.91,74.58,grapes
28.53,135.13,197.2,29.27,82.86,5.68,65.6,grapes
30.11,139.09,200.23,15.71,83.33,5.58,69.42,grapes
19.08,124.61,197.02,21.15,80.26,5.9,70.12,grapes
27.08,129.57,203.39,12.94,82.53,5.56,65.71,grapes
29.35,134.15,203.78,26.97,84.8,5.55,65.98,grapes
16.1,124.63,200.41,29.95,80.23,6.45,73.42,grapes
22.42,121.93,196.7,12.32,80.62,6.02,67.46,grapes
23.95,144.74,201.84,40.27,80.71,5.88,70.55,grapes
16.92,120.1,201.7,29.82,82.05,5.99,69.15,grapes
15.6,128.38,196.77,11.35,84.78,6.1,72.29,grapes
22.88,129.83,197.37,11.3,80.9,6.3,71.78,grapes
28.67,131.88,204.22,10.47,81.4,5.85,72.82,grapes
39.81,126.02,203.74,36.24,81.12,5.9,69.1,grapes
39.46,124.52,202.99,19.36,83.65,5.92,70.78,grapes
35.82,140.1,203.66,10.03,83.46,5.64,69.16,grapes
28.71,130.07,200.2,41.88,80.68,6.18,68.96,grapes
18.33,123.97,204.49,37.91,84.54,6.49,67.08,grapes
23.89,136.73,199.84,22.23,81.79,6.09,70.76,grapes
19.04,131.79,200.53,27.39,81.05,6.24,65.25,grapes
23.87,139.51,200.64,16.88,83.47,6.07,72.96,grapes
33.38,135.25,199.88,12.53,81.31,5.92,70.99,grapes
27.84,127.2,195.06,24.87,81.43,6.23,65.24,grapes
29.62,143.54,196.74,24.04,80.46,6.13,70.51,grapes
25.18,133.03,203.97,14.67,80.11,6.36,70.77,grapes
37.27,134.92,203.1,22.61,83.75,6.41,70.72,grapes
19.52,126.72,196.99,16.39,81.53,6.06,70.88,grapes
25.66,135.39,195.82,10.98,80.86,6.02,67.14,grapes
22.08,130.01,203.12,8.47,83.25,6.17,72.99,grapes
117.31,10.4,46.54,26.66,84.59,6.56,53.26,watermelon
107.16,28.63,54.97,26.16,82.87,6.88,40.98,watermelon
89.24,27.95,47.56,24.66,81.38,6.86,50.0,watermelon
107.0,14.78,52.58,26.28,83.13,6.41,44.19,watermelon
119.06,22.91,54.35,24.91,87.82,6.77,53.83,watermelon
118.63,17.87,46.31,26.02,87.29,6.58,44.14,watermelon
100.18,16.24,49.27,25.94,87.45,6.23,48.11,watermelon
90.77,13.97,52.83,26.73,83.7,6.75,57.94,watermelon
113.84,13.66,54.56,25.13,83.39,6.06,49.72,watermelon
84.36,14.97,48.17,26.43,88.75,6.3,57.17,watermelon
114.29,25.29,46.47,26.07,89.45,6.68,46.63,watermelon
100.02,22.91,50.11,24.36,83.12,6.8,57.23,watermelon
85.49,29.05,48.29,25.99,87.52,6.81,58.91,watermelon
92.52,27.17,46.32,26.12,87.42,6.68,45.05,watermelon
114.92,13.38,45.54,26.15,84.75,6.85,47.67,watermelon
86.73,26.73,50.49,24.57,87.2,6.51,52.09,watermelon
98.44,26.57,53.3,26.13,81.05,6.84,53.42,watermelon
107.88,17.26,53.79,26.18,81.13,6.41,57.73,watermelon
81.89,29.23,51.79,25.89,82.71,6.25,58.84,watermelon
91.93,25.51,48.93,24.42,80.11,6.54,59.52,watermelon
94.77,17.14,48.44,25.56,84.41,6.88,50.11,watermelon
100.31,12.77,54.83,24.75,80.73,6.66,51.91,watermelon
96.61,18.44,52.85,24.59,88.2,6.65,48.38,watermelon
98.32,15.13,52.52,25.54,83.21,6.6,59.91,watermelon
97.41,28.41,48.45,24.16,82.04,6.42,44.39,watermelon
80.01,28.3,53.44,26.23,81.68,6.12,41.35,watermelon
108.96,28.58,49.31,24.36,85.12,6.35,47.5,watermelon
104.85,24.37,46.11,24.11,89.94,6.23,41.08,watermelon
87.6,10.78,48.92,26.41,83.41,6.44,53.51,watermelon
100.36,27.23,53.66,24.03,87.78,6.46,59.78,watermelon
99.33,29.74,52.55,24.75,85.38,6.99,57.15,watermelon
83.89,24.13,48.46,24.02,84.03,6.23,56.38,watermelon
93.49,26.55,45.01,24.92,82.41,6.23,41.36,watermelon
87.48,21.11,47.91,25.25,83.77,6.88,58.11,watermelon
99.72,16.6,46.07,26.86,80.6,6.3,45.96,watermelon
92.82,13.29,52.83,24.37,86.35,6.12,41.41,watermelon
116.38,13.8,53.21,25.63,80.78,6.96,44.94,watermelon
114.39,13.38,53.54,24.04,85.12,6.77,58.7,watermelon
116.37,26.39,53.88,24.6,82.84,6.29,47.54,watermelon
95.73,20.89,46.6,26.07,81.68,6.31,50.07,watermelon
111.86,24.79,51.46,24.47,85.47,6.09,47.55,watermelon
96.54,10.8,47.74,26.87,89.54,6.35,40.86,watermelon
87.16,17.84,54.48,24.42,87.64,6.11,59.63,watermelon
95.26,25.5,48.43,25.88,81.92,6.15,58.76,watermelon
116.71,27.75,51.25,26.42,80.69,6.33,46.27,watermelon
105.43,17.12,46.49,25.79,88.14,6.38,42.65,watermelon
87.87,14.75,48.0,25.93,86.01,6.7,47.25,watermelon
112.96,14.08,49.69,26.4,81.8,6.11,57.67,watermelon
93.72,23.68,45.25,26.07,83.16,6.06,52.2,watermelon
89.63,17.74,45.81,24.44,82.98,6.09,58.22,watermelon
80.24,19.68,46.23,27.92,94.63,6.13,29.66,muskmelon
88.23,24.83,50.47,29.65,92.77,6.43,21.95,muskmelon
86.65,28.33,48.28,28.12,93.8,6.27,29.52,muskmelon
109.52,21.95,53.81,27.15,91.29,6.37,22.27,muskmelon
109.76,28.38,49.24,28.03,94.81,6.36,24.89,muskmelon
94.07,28.19,50.69,29.29,94.06,6.27,24.34,muskmelon
113.94,17.27,52.94,29.82,93.12,6.59,28.05,muskmelon
113.8,17.9,45.51,28.21,93.37,6.36,27.49,muskmelon
94.28,22.69,46.86,29.25,92.73,6.16,22.92,muskmelon
109.94,19.65,47.16,29.9,93.58,6.77,24.27,muskmelon
99.0,27.96,50.25,29.12,91.26,6.36,21.23,muskmelon
88.24,10.02,45.39,29.93,91.21,6.53,28.39,muskmelon
102.03,13.06,52.28,28.8,93.66,6.62,29.75,muskmelon
102.94,16.83,51.48,27.21,94.49,6.1,23.28,muskmelon
112.63,21.95,48.94,28.42,94.27,6.27,28.7,muskmelon
83.53,25.54,53.48,27.55,92.15,6.13,27.07,muskmelon
101.41,22.71,46.96,27.64,90.21,6.26,25.6,muskmelon
114.32,23.34,49.35,29.86,93.6,6.74,25.28,muskmelon
90.36,11.06,52.26,27.36,91.51,6.43,25.64,muskmelon
104.02,13.33,48.8,28.85,94.85,6.58,29.23,muskmelon
110.49,21.83,46.92,29.0,93.12,6.48,24.9,muskmelon
101.15,16.69,50.19,27.59,94.03,6.15,20.85,muskmelon
97.45,23.17,49.38,27.83,92.79,6.28,29.33,muskmelon
116.91,20.05,48.28,29.21,90.18,6.38,23.36,muskmelon
116.82,10.24,50.53,29.22,92.43,6.07,29.72,muskmelon
100.72,22.28,47.37,28.45,92.15,6.06,21.06,muskmelon
113.5,14.8,46.95,28.51,93.84,6.05,25.77,muskmelon
84.77,10.73,45.53,29.5,90.59,6.04,24.38,muskmelon
113.76,15.25,49.22,27.12,92.25,6.46,25.71,muskmelon
93.3,16.31,46.07,28.1,90.5,6.61,29.66,muskmelon
118.8,27.3,51.01,29.1,91.43,6.5,24.56,muskmelon
99.28,25.16,47.82,27.95,94.62,6.04,24.86,muskmelon
116.51,22.21,50.46,27.75,91.72,6.68,25.59,muskmelon
100.59,11.99,45.16,29.89,91.88,6.48,20.8,muskmelon
107.32,28.65,50.76,27.38,92.91,6.61,24.06,muskmelon
115.19,22.97,53.99,28.87,90.66,6.25,22.02,muskmelon
116.35,25.21,51.76,27.9,90.92,6.61,24.74,muskmelon
89.03,22.33,45.4,27.98,92.34,6.12,29.85,muskmelon
88.36,12.61,47.04,29.31,92.13,6.45,20.21,muskmelon
81.38,18.92,53.17,29.66,90.43,6.43,29.13,muskmelon
95.52,26.59,46.34,29.81,93.76,6.75,26.77,muskmelon
94.54,28.76,47.76,28.0,93.5,6.61,29.29,muskmelon
88.19,25.96,52.39,27.19,91.94,6.23,23.04,muskmelon
119.32,22.86,52.18,29.93,91.89,6.64,24.35,muskmelon
114.78,13.61,54.48,27.66,91.63,6.6,23.94,muskmelon
104.33,18.89,52.42,27.68,90.29,6.24,24.74,muskmelon
86.72,17.1,49.0,27.17,92.92,6.71,21.52,muskmelon
103.91,23.29,49.19,29.1,92.05,6.4,20.07,muskmelon
107.67,23.23,45.38,28.1,94.9,6.34,25.02,muskmelon
116.4,24.35,50.82,29.39,94.32,6.37,24.75,muskmelon
15.44,144.17,201.97,21.25,94.31,5.98,101.72,apple
21.99,130.43,203.78,21.61,94.13,6.06,101.37,apple
38.87,132.82,197.91,22.41,94.29,5.8,104.82,apple
5.16,127.45,202.8,22.41,91.14,5.67,108.32,apple
37.6,128.58,204.88,22.46,90.9,6.39,111.51,apple
28.39,144.59,195.5,21.29,93.6,5.78,104.61,apple
1.57,120.55,202.74,21.4,92.34,6.11,110.71,apple
1.08,139.59,195.11,23.29,94.47,5.93,113.39,apple
19.08,129.73,203.87,23.68,91.68,6.12,123.17,apple
38.48,132.72,199.53,21.84,94.79,5.64,114.5,apple
11.3,126.98,199.05,24.0,90.27,6.08,102.06,apple
6.18,130.99,200.1,21.78,91.58,5.59,107.58,apple
38.66,143.62,198.35,22.71,94.55,5.51,120.27,apple
37.93,122.28,196.61,23.88,92.69,5.51,106.44,apple
18.0,137.32,202.33,23.99,91.44,6.04,113.33,apple
16.23,124.23,204.77,23.56,92.49,6.1,105.68,apple
21.75,137.37,200.15,23.97,93.06,5.87,119.3,apple
6.82,129.61,198.47,22.3,93.91,5.98,119.85,apple
23.06,128.55,203.1,21.71,91.12,6.0,106.52,apple
0.36,136.21,200.11,22.34,94.83,6.07,121.59,apple
5.58,134.23,203.68,22.75,93.59,5.87,102.31,apple
18.32,129.86,203.67,21.73,94.83,6.46,106.19,apple
13.92,142.39,204.67,22.33,91.6,6.03,117.19,apple
10.94,138.41,195.52,21.15,91.93,5.85,107.89,apple
19.64,128.02,196.92,21.93,94.87,5.91,111.12,apple
23.06,144.58,197.42,23.04,93.58,6.11,102.21,apple
27.07,121.6,200.96,23.22,91.05,6.34,100.76,apple
33.75,131.51,197.18,21.4,94.77,5.57,104.98,apple
13.91,135.51,200.45,21.38,91.45,5.74,105.34,apple
16.45,137.6,197.17,22.1,91.95,6.48,123.87,apple
32.01,126.04,195.68,21.95,91.33,6.01,119.44,apple
34.33,141.12,198.6,23.06,91.56,5.56,117.54,apple
0.39,130.23,198.29,23.08,93.83,5.8,120.29,apple
11.76,131.16,202.27,23.08,94.94,5.73,116.56,apple
24.39,142.88,196.56,23.26,92.84,5.77,111.86,apple
13.35,134.48,203.89,22.71,93.16,6.02,101.28,apple
9.31,132.3,198.1,21.55,92.52,5.82,106.45,apple
18.56,123.33,204.28,23.6,93.54,5.61,119.4,apple
32.32,139.19,196.14,22.93,94.17,6.08,116.16,apple
18.33,133.22,195.34,22.92,90.41,5.94,107.32,apple
21.82,123.34,201.92,23.39,90.82,5.6,103.64,apple
35.09,133.2,199.67,21.32,93.25,6.37,120.7,apple
25.04,121.88,196.12,21.15,91.29,5.64,106.5,apple
15.4,143.57,201.1,23.5,93.55,5.61,118.4,apple
11.0,135.98,198.41,23.99,91.32,5.78,123.27,apple
0.99,137.42,202.25,23.51,94.87,6.48,101.63,apple
32.87,136.16,201.47,21.39,93.25,6.48,122.8,apple
17.57,121.0,198.62,23.48,93.51,5.96,101.38,apple
17.08,131.73,204.29,22.92,91.56,6.03,101.65,apple
38.9,129.0,199.78,22.07,93.41,6.16,117.88,apple
21.7,16.31,6.25,26.39,90.2,6.9,117.39,orange
37.27,18.98,9.59,11.92,93.35,7.23,104.89,orange
25.53,26.78,13.77,16.08,92.75,6.29,102.04,orange
37.78,26.41,12.6,11.22,94.22,6.66,106.85,orange
28.66,11.83,12.57,24.56,90.93,6.28,103.68,orange
16.43,21.76,13.4,10.44,90.25,6.86,116.39,orange
23.17,16.99,10.96,16.86,90.13,7.1,112.51,orange
29.52,24.83,11.75,15.15,91.76,6.19,102.6,orange
31.9,27.17,14.63,25.71,90.92,6.16,116.26,orange
29.47,22.37,12.81,27.58,94.17,6.08,114.95,orange
36.27,15.72,11.4,17.85,94.79,6.05,111.6,orange
19.16,24.24,6.76,15.88,92.47,7.37,104.23,orange
18.61,25.18,10.01,32.79,90.73,6.97,104.66,orange
18.92,23.67,10.94,28.87,91.55,6.67,108.11,orange
39.6,15.84,7.95,18.86,92.82,6.38,118.31,orange
21.64,27.92,6.03,26.41,94.53,6.25,119.37,orange
26.32,28.91,11.77,17.54,90.94,6.46,101.86,orange
18.6,12.09,9.23,29.89,90.71,6.2,112.87,orange
19.93,11.95,6.67,33.09,94.11,6.53,113.12,orange
28.43,23.54,11.83,25.72,91.33,6.06,109.11,orange
37.27,21.39,13.32,34.79,90.82,7.04,113.49,orange
39.5,29.71,11.87,16.09,93.99,6.16,115.61,orange
37.75,17.66,11.31,20.75,92.19,6.47,115.24,orange
38.4,28.82,6.75,31.87,93.69,6.38,101.35,orange
21.7,28.24,11.33,28.03,91.29,7.08,100.56,orange
24.38,22.54,6.46,30.58,91.18,6.98,108.1,orange
29.9,12.15,5.17,32.74,91.35,7.23,119.99,orange
20.29,15.3,11.63,34.14,94.58,6.75,115.9,orange
18.39,29.55,14.64,14.09,91.5,6.15,105.43,orange
35.4,17.57,5.88,18.56,94.91,6.94,108.32,orange
19.16,29.72,13.21,17.04,90.35,6.08,102.41,orange
29.52,28.58,9.97,31.07,92.23,7.06,114.64,orange
19.35,17.22,11.37,11.77,91.81,6.8,119.92,orange
26.86,26.32,9.32,29.91,92.98,7.33,108.22,orange
30.11,22.6,9.17,13.61,90.47,6.03,117.47,orange
20.91,14.23,12.36,18.0,92.53,6.24,119.19,orange
36.29,27.28,9.07,29.06,90.72,6.01,100.4,orange
29.67,19.11,10.18,10.19,92.11,7.08,108.85,orange
33.31,14.66,13.13,24.71,91.05,6.36,112.56,orange
35.75,18.31,7.58,31.68,93.35,6.67,109.76,orange
20.11,22.54,8.59,34.89,92.4,6.73,111.32,orange
37.92,26.02,9.51,27.97,92.93,6.74,103.85,orange
26.6,14.92,14.15,18.39,94.76,6.8,112.63,orange
28.57,12.59,8.76,12.48,93.11,6.67,115.56,orange
20.51,13.29,9.06,33.16,93.55,6.63,110.35,orange
17.11,29.69,11.66,17.14,92.93,6.16,119.32,orange
19.37,22.96,7.45,27.94,93.88,7.01,112.29,orange
37.31,11.57,8.31,16.21,94.94,6.58,114.65,orange
32.12,14.24,7.39,17.03,92.06,6.35,100.39,orange
36.98,29.31,8.42,18.46,90.04,7.02,116.51,orange
35.86,48.99,52.9,35.94,90.22,6.81,104.87,papaya
44.75,64.24,53.11,31.41,94.74,6.7,202.09,papaya
49.36,67.44,54.08,24.84,94.68,6.91,206.18,papaya
38.04,65.13,53.5,29.07,94.76,6.52,71.48,papaya
51.5,59.39,51.45,23.36,94.8,6.52,70.04,papaya
30.56,59.17,54.32,36.98,94.11,6.51,153.82,papaya
48.38,57.47,45.72,37.37,92.52,6.88,141.91,papaya
35.98,61.21,46.72,41.32,93.07,6.58,242.09,papaya
50.73,46.82,51.27,28.32,94.02,6.91,245.58,papaya
50.07,56.37,52.53,25.78,92.73,6.77,58.79,papaya
46.72,66.33,53.56,25.08,90.45,6.63,223.7,papaya
35.16,63.0,46.01,36.09,91.78,6.89,89.07,papaya
55.57,50.89,52.14,41.35,90.63,6.93,164.65,papaya
35.08,55.69,46.61,37.71,93.79,6.55,146.29,papaya
62.59,68.4,50.14,42.96,92.68,6.7,218.12,papaya
49.72,56.8,49.9,40.78,94.16,6.7,109.99,papaya
49.68,59.32,47.38,39.67,92.43,6.67,62.43,papaya
39.55,68.73,48.05,26.55,92.3,6.65,47.38,papaya
42.93,58.6,50.52,30.49,92.24,6.98,119.24,papaya
40.33,51.09,49.58,38.95,91.03,6.85,44.44,papaya
46.76,64.4,48.39,34.84,91.02,6.87,50.98,papaya
64.1,49.95,53.74,30.4,93.61,6.66,230.24,papaya
35.07,49.46,49.93,24.72,90.98,6.97,245.06,papaya
45.05,68.08,50.45,28.66,93.51,6.83,247.72,papaya
40.6,61.8,45.52,25.39,90.02,7.0,208.48,papaya
61.47,57.74,48.0,26.18,91.42,6.69,198.83,papaya
51.59,46.94,45.18,25.15,92.05,6.97,173.85,papaya
62.07,56.66,48.62,25.28,94.38,6.89,75.3,papaya
50.49,57.18,51.25,42.87,92.9,6.77,50.57,papaya
32.52,49.68,45.32,38.61,93.62,6.57,215.58,papaya
36.19,52.53,47.49,30.82,91.27,6.74,125.56,papaya
69.46,46.4,46.42,24.11,93.13,6.53,215.65,papaya
50.48,58.18,50.62,26.59,90.99,6.66,164.63,papaya
38.4,47.91,54.7,23.46,94.01,6.89,102.41,papaya
35.43,48.64,51.97,36.5,93.91,6.97,185.3,papaya
36.23,51.09,53.42,27.4,90.36,6.85,124.53,papaya
66.8,61.26,45.9,42.9,91.29,6.67,124.47,papaya
32.05,57.41,46.23,31.42,91.75,6.89,208.67,papaya
36.14,54.16,48.73,26.18,93.99,6.85,79.98,papaya
44.67,47.65,51.28,25.55,94.93,6.89,121.95,papaya
53.14,67.78,50.54,26.66,91.89,6.92,175.28,papaya
56.03,66.67,53.94,42.32,90.47,6.77,195.51,papaya
60.28,60.17,46.67,39.75,93.6,6.54,137.4,papaya
36.96,53.44,45.18,31.41,92.75,6.81,179.33,papaya
63.45,50.39,46.2,40.88,90.78,6.99,216.93,papaya
50.04,69.54,45.97,29.36,93.19,6.68,234.96,papaya
32.63,58.74,50.91,36.71,91.28,6.68,217.17,papaya
37.8,65.67,50.63,39.01,93.57,6.6,159.45,papaya
64.71,55.8,54.67,32.5,90.71,6.69,239.86,papaya
42.79,66.7,53.81,30.35,90.42,6.86,105.42,papaya
34.57,18.85,29.85,28.11,93.44,5.94,165.74,coconut
24.18,20.52,33.09,26.45,94.72,6.17,155.6,coconut
21.94,28.67,32.24,27.31,95.83,5.53,188.72,coconut
27.74,20.91,28.59,25.33,91.74,6.45,168.83,coconut
26.67,11.05,25.38,27.87,94.84,6.01,153.1,coconut
33.62,13.36,26.9,26.84,92.58,5.75,191.3,coconut
31.27,26.49,29.18,25.29,92.46,6.48,186.64,coconut
32.74,10.15,30.18,25.15,95.12,6.42,222.0,coconut
28.51,19.16,34.45,27.69,90.58,5.97,152.82,coconut
26.75,19.11,30.82,26.43,91.48,6.0,208.87,coconut
31.6,16.77,34.36,28.65,91.88,5.54,200.42,coconut
35.69,29.36,33.9,27.4,94.77,5.53,153.43,coconut
26.49,22.57,30.57,27.97,92.52,6.06,138.37,coconut
25.34,25.0,31.93,28.96,92.5,6.0,161.31,coconut
26.02,27.14,31.84,28.53,91.83,6.37,135.68,coconut
37.21,16.58,28.15,27.05,98.47,5.55,163.46,coconut
36.41,17.92,26.99,26.7,93.47,6.42,202.38,coconut
27.63,29.77,29.65,25.23,92.36,5.94,144.91,coconut
38.69,25.34,27.68,27.36,96.49,6.44,213.76,coconut
27.88,25.49,30.62,27.21,91.03,5.63,180.31,coconut
21.72,10.42,32.23,25.13,95.36,6.04,222.04,coconut
27.11,11.27,30.52,28.36,98.97,5.93,160.43,coconut
37.67,13.82,31.15,26.62,90.37,5.85,155.2,coconut
32.15,28.98,27.68,28.25,90.5,6.04,136.7,coconut
38.35,25.33,31.58,28.3,95.83,6.47,197.83,coconut
38.12,20.34,26.17,27.11,91.14,6.09,175.84,coconut
30.56,10.2,26.95,26.97,98.55,5.88,170.32,coconut
32.87,22.08,27.99,26.64,91.96,6.47,142.41,coconut
24.3,10.52,27.22,28.12,91.81,5.58,175.07,coconut
15.25,11.7,33.08,28.09,98.24,6.35,194.9,coconut
16.31,25.66,33.46,28.2,94.58,5.73,210.31,coconut
33.18,29.62,26.56,25.9,91.91,6.29,147.76,coconut
16.67,29.97,25.25,28.34,93.29,6.34,182.69,coconut
37.54,28.52,25.09,25.3,92.25,6.17,214.39,coconut
26.5,22.14,26.88,28.22,98.71,5.77,177.01,coconut
17.15,21.18,30.03,25.58,93.98,5.83,179.57,coconut
29.64,10.17,32.61,27.85,93.3,5.55,201.72,coconut
38.88,14.8,28.24,25.74,95.19,5.65,163.84,coconut
32.43,21.2,28.86,26.68,95.06,5.51,137.46,coconut
37.03,11.56,32.07,28.68,92.44,5.87,184.05,coconut
37.04,28.84,32.4,25.35,96.02,5.91,174.72,coconut
16.23,13.82,32.91,26.82,92.71,5.88,211.17,coconut
33.72,15.45,26.18,26.01,98.29,6.08,180.68,coconut
29.91,17.32,33.07,27.09,91.05,5.63,181.0,coconut
38.41,16.17,33.7,28.06,92.23,5.54,139.68,coconut
33.21,13.99,28.71,27.01,96.53,5.61,168.6,coconut
27.13,20.82,33.18,25.69,97.27,6.19,182.81,coconut
32.49,18.24,26.38,27.66,94.72,6.14,162.11,coconut
37.67,21.75,25.85,26.8,96.81,6.29,176.99,coconut
37.37,15.35,29.11,28.59,98.07,6.19,211.6,coconut
103.55,56.62,18.21,22.71,77.39,6.72,67.54,cotton
112.82,38.37,17.96,24.29,79.42,6.56,82.39,cotton
135.74,53.92,18.32,24.98,76.52,6.09,70.37,cotton
132.31,41.16,15.63,22.53,83.59,7.19,67.6,cotton
122.21,48.19,21.55,22.93,83.64,6.48,80.82,cotton
100.64,44.32,18.52,24.17,75.73,7.54,66.53,cotton
127.08,55.08,20.62,24.96,81.62,6.58,84.27,cotton
111.79,49.28,22.45,23.52,78.03,6.81,84.54,cotton
137.2,48.63,21.61,25.61,75.99,6.31,81.27,cotton
132.95,56.43,19.15,22.36,79.38,6.31,68.74,cotton
130.89,36.89,23.28,23.71,80.96,6.0,70.12,cotton
103.59,59.04,23.07,23.84,77.24,7.85,70.34,cotton
106.44,49.08,24.44,22.02,77.38,7.86,65.13,cotton
104.53,49.25,23.62,23.91,84.95,7.29,62.22,cotton
139.71,45.2,17.87,24.23,78.04,5.99,60.04,cotton
117.98,55.92,20.72,26.0,77.87,6.42,64.79,cotton
106.56,42.13,22.93,25.62,84.75,6.31,86.44,cotton
113.13,37.82,23.7,24.54,76.65,6.75,68.62,cotton
129.47,46.34,24.89,22.22,78.55,6.86,75.09,cotton
112.64,53.23,23.75,25.75,83.05,7.67,76.52,cotton
133.04,42.59,18.98,23.27,79.67,6.43,88.85,cotton
112.51,37.45,20.27,22.23,76.11,6.28,73.93,cotton
117.33,54.99,22.39,23.71,78.34,6.5,83.22,cotton
102.08,35.32,22.96,23.91,76.31,6.32,87.98,cotton
134.38,52.74,19.82,24.08,84.75,7.92,66.46,cotton
132.44,39.93,17.14,24.7,79.05,7.85,62.67,cotton
120.46,57.96,24.04,22.63,78.67,7.16,64.78,cotton
138.72,57.87,16.67,22.48,75.85,7.8,65.81,cotton
116.65,46.22,20.99,22.29,77.27,7.85,87.25,cotton
131.25,35.49,18.27,24.51,77.75,7.8,79.02,cotton
102.88,57.73,24.58,22.31,80.32,6.47,71.79,cotton
107.19,49.45,24.58,24.01,75.83,7.16,70.21,cotton
134.24,45.87,16.93,22.76,82.69,6.38,83.02,cotton
108.24,43.04,19.65,25.77,84.32,6.26,70.75,cotton
105.98,47.75,19.61,25.6,84.3,6.64,74.75,cotton
135.85,55.17,15.04,23.28,79.22,6.31,65.99,cotton
101.51,51.08,17.63,22.21,77.31,7.56,85.54,cotton
119.32,45.4,24.78,22.8,77.15,6.44,65.18,cotton
115.17,57.77,21.15,23.65,84.34,5.91,66.31,cotton
122.64,50.39,15.4,23.61,81.49,7.34,79.14,cotton
112.82,37.34,19.27,22.52,84.48,6.85,69.52,cotton
130.65,47.45,18.1,25.25,83.67,7.28,61.41,cotton
122.65,54.08,16.37,22.91,83.82,5.84,82.58,cotton
118.95,46.17,15.07,25.28,78.6,6.99,80.32,cotton
128.11,58.9,20.31,23.6,84.54,7.21,68.94,cotton
105.06,56.06,18.62,24.64,79.71,6.24,78.05,cotton
102.43,45.33,20.47,23.74,82.49,7.62,83.14,cotton
101.55,39.85,20.37,25.74,83.35,7.65,69.1,cotton
117.18,46.77,16.57,22.12,84.47,6.33,67.2,cotton
103.34,58.21,20.8,24.67,84.12,6.56,78.65,cotton
61.16,39.67,43.31,25.3,77.01,6.53,176.68,jute
60.01,41.03,37.08,23.75,86.12,6.39,159.58,jute
75.13,56.64,37.41,23.24,77.13,7.05,177.53,jute
84.5,58.99,42.93,24.81,79.87,6.06,199.22,jute
71.5,38.81,41.67,23.85,81.72,6.82,172.29,jute
85.08,41.62,39.49,24.61,83.27,7.1,169.74,jute
79.38,38.77,44.33,24.15,84.59,6.03,160.26,jute
74.61,56.96,40.27,25.79,79.68,6.69,155.99,jute
84.08,41.17,44.0,25.73,88.87,6.73,183.85,jute
83.36,38.28,41.01,23.1,79.95,6.22,159.15,jute
70.95,45.81,41.23,23.22,80.07,6.26,178.7,jute
79.12,48.92,42.38,24.01,85.3,6.61,174.21,jute
79.44,35.46,41.54,24.86,76.2,6.12,154.55,jute
87.7,52.23,36.27,24.07,81.85,7.17,152.18,jute
67.1,57.24,35.09,23.6,89.18,6.86,163.08,jute
62.01,35.7,37.45,25.64,78.32,7.01,195.91,jute
72.24,39.78,40.17,25.72,86.09,6.09,184.63,jute
77.16,57.69,36.22,24.6,87.59,6.57,174.1,jute
62.11,41.95,38.25,25.84,75.65,6.65,183.57,jute
64.87,47.16,42.39,25.6,82.53,6.94,156.31,jute
88.37,38.31,42.75,23.79,88.67,7.01,187.69,jute
66.57,46.08,41.18,25.31,72.08,7.35,194.51,jute
68.11,55.57,40.18,24.39,76.29,6.81,186.49,jute
72.33,50.73,41.99,25.13,71.04,7.2,172.91,jute
67.87,41.04,39.83,25.66,77.57,7.05,154.84,jute
74.28,59.79,42.7,23.63,80.03,6.33,170.48,jute
83.4,54.28,37.28,25.77,81.85,6.53,175.1,jute
78.15,49.0,39.86,24.51,73.53,7.14,177.09,jute
63.93,54.15,44.32,25.84,77.38,6.19,175.92,jute
63.38,58.35,36.84,23.76,78.13,6.54,189.73,jute
73.69,39.27,37.67,24.53,72.95,6.86,178.29,jute
81.44,58.44,44.12,25.84,74.89,6.18,165.11,jute
86.85,59.3,43.59,23.33,88.95,6.59,150.47,jute
73.27,36.15,40.44,24.02,79.47,6.86,193.44,jute
79.86,45.85,43.19,25.72,72.4,6.74,164.23,jute
61.41,51.71,43.63,23.49,86.25,7.19,195.72,jute
67.96,57.6,38.21,24.66,71.01,6.06,186.02,jute
73.33,41.41,36.9,25.01,70.01,7.13,153.96,jute
65.74,44.66,39.85,24.06,76.41,7.35,182.08,jute
60.7,45.75,43.75,23.9,71.89,7.06,180.3,jute
77.11,36.34,36.4,24.87,74.16,6.71,177.24,jute
68.51,58.71,43.42,25.17,71.56,6.15,174.64,jute
64.82,59.46,36.59,24.46,77.28,6.9,156.45,jute
72.91,41.87,43.88,23.12,88.27,7.17,164.88,jute
83.68,35.78,44.67,24.58,76.07,6.51,153.32,jute
89.68,35.98,41.55,24.33,88.98,6.34,176.6,jute
74.47,52.57,35.68,23.58,74.29,7.03,159.46,jute
77.2,40.38,43.62,25.83,80.37,6.49,161.7,jute
61.49,41.71,41.54,24.6,88.88,6.55,184.69,jute
74.68,47.81,37.68,24.36,79.42,6.99,197.03,jute
93.17,15.84,29.96,25.72,53.37,6.91,188.87,coffee
117.83,18.94,33.75,26.52,59.08,6.65,178.72,coffee
99.21,22.46,29.93,25.9,53.78,7.08,165.56,coffee
105.33,16.99,31.04,23.6,51.57,6.63,145.21,coffee
103.55,16.78,29.31,23.87,69.74,6.67,166.56,coffee
93.02,16.89,34.76,24.43,58.48,6.78,116.85,coffee
112.41,25.73,27.78,23.31,53.25,7.07,166.45,coffee
90.0,16.31,31.91,25.86,58.09,6.44,131.26,coffee
106.78,34.41,26.76,25.99,58.48,6.54,134.06,coffee
113.01,24.71,30.43,24.52,53.64,6.1,168.56,coffee
87.85,28.8,28.9,25.08,59.38,6.44,122.55,coffee
92.39,28.27,31.66,24.43,59.2,6.23,130.78,coffee
80.92,32.93,27.11,24.14,55.59,6.15,162.94,coffee
83.01,17.68,31.45,24.7,64.16,6.67,134.2,coffee
106.03,17.33,30.36,25.19,55.36,6.72,180.35,coffee
119.96,27.16,29.05,24.13,55.14,6.58,142.55,coffee
116.55,22.37,28.73,24.92,66.73,6.78,161.06,coffee
93.37,31.36,25.38,27.35,60.25,6.48,152.29,coffee
106.7,15.26,33.72,25.23,56.86,6.17,147.96,coffee
99.85,23.07,31.79,25.1,69.23,6.72,175.56,coffee
84.37,22.95,28.37,25.85,67.22,6.09,120.44,coffee
114.01,19.26,31.69,25.71,66.66,6.15,124.73,coffee
102.27,33.93,29.15,24.63,62.13,7.12,177.77,coffee
119.82,15.45,26.13,26.05,66.41,6.34,132.94,coffee
111.48,16.13,28.69,25.53,61.21,6.87,141.61,coffee
104.51,26.71,30.48,26.2,55.19,6.1,123.95,coffee
88.98,25.0,33.4,26.51,65.78,6.42,145.35,coffee
95.75,18.84,25.61,25.95,69.78,6.2,118.5,coffee
111.18,20.05,33.3,26.52,68.91,6.49,164.65,coffee
98.59,27.61,29.5,23.94,60.16,6.63,175.8,coffee
109.42,28.28,26.13,26.6,60.01,7.07,183.99,coffee
82.21,31.41,25.38,24.84,60.85,6.18,170.97,coffee
80.33,18.37,30.81,26.57,68.33,6.85,165.38,coffee
95.77,15.03,26.2,25.67,63.5,6.5,169.8,coffee
100.87,16.48,26.92,27.2,64.5,7.07,123.82,coffee
119.61,19.19,25.12,27.99,55.62,6.8,128.25,coffee
103.21,33.08,28.2,26.35,53.76,6.75,140.23,coffee
88.45,21.26,26.79,27.51,57.94,6.29,148.63,coffee
92.82,29.89,34.71,25.19,67.22,6.68,126.79,coffee
107.62,25.27,31.51,27.45,58.81,7.08,171.3,coffee
99.54,27.06,28.26,27.92,63.35,6.05,139.5,coffee
104.93,16.13,25.24,25.25,56.65,6.53,134.7,coffee
86.59,28.78,30.15,24.0,56.39,6.71,120.42,coffee
85.9,16.46,33.12,26.76,65.07,6.86,165.2,coffee
99.08,27.85,25.38,26.11,65.56,6.6,141.81,coffee
91.1,27.86,31.93,27.35,56.85,6.92,157.1,coffee
115.31,25.56,30.18,25.89,64.99,7.16,120.52,coffee
82.14,33.75,30.3,26.07,59.65,6.11,172.61,coffee
109.89,21.23,28.06,27.19,51.45,7.06,134.25,coffee
103.72,33.72,31.78,25.07,63.79,6.41,135.79,coffee
20.48,35.92,16.08,27.68,88.03,6.77,47.82,mungbean
116.37,26.39,53.88,24.6,82.84,6.29,47.54,watermelon
32.34,74.28,21.55,19.82,68.76,6.92,40.65,lentil
32.32,139.19,196.14,22.93,94.17,6.08,116.16,apple
30.49,68.0,19.06,19.23,57.33,5.88,96.4,pigeonpeas
38.48,132.72,199.53,21.84,94.79,5.64,114.5,apple
63.21,48.11,19.1,26.84,57.24,6.1,108.47,maize
22.89,121.42,202.67,31.87,81.66,6.18,68.96,grapes
107.32,28.65,50.76,27.38,92.91,6.61,24.06,muskmelon
44.3,61.37,81.82,20.04,17.57,7.32,77.36,chickpea
85.9,16.46,33.12,26.76,65.07,6.86,165.2,coffee
78.23,50.5,17.77,19.69,64.27,6.03,89.18,maize
16.49,50.09,21.87,27.23,83.84,6.66,44.23,mungbean
21.51,13.19,36.6,18.49,86.86,6.63,113.23,pomegranate
33.04,61.16,83.19,20.2,18.17,6.76,82.71,chickpea
