Clay_Pct,Moisture_Pct,Nitrogen_N,Bulk_Density,Soil_pH,Temperature_C,Organic_Carbon_Pct
28.73,26.83,110.99,1.67,6.19,28.45,0.64
57.54,34.5,22.95,1.52,5.25,30.93,0.66
46.6,27.39,22.65,1.25,6.43,20.01,0.66
39.93,21.21,58.83,1.21,6.09,27.5,0.62
17.8,23.44,78.64,1.24,7.37,26.43,0.42
17.8,47.25,112.45,1.54,7.12,31.66,0.62
12.9,29.44,102.0,1.46,6.28,33.12,0.37
53.31,40.5,73.51,1.13,5.76,15.24,1.28
40.06,50.24,52.84,1.12,8.46,28.48,0.83
45.4,63.33,139.65,1.07,6.59,16.04,1.66
11.03,17.75,71.14,1.46,7.41,25.98,0.25
58.5,70.96,74.17,1.54,5.49,20.75,1.34
51.62,58.95,39.63,1.19,6.7,21.14,1.08
20.62,20.72,115.38,1.01,5.1,22.06,0.77
19.09,76.15,103.24,1.06,6.77,27.43,1.13
19.17,79.46,46.49,1.68,8.37,21.68,0.66
25.21,19.28,29.89,1.21,6.34,29.65,0.25
36.24,34.38,101.66,1.54,5.14,23.09,0.88
31.6,71.43,98.54,1.44,5.11,16.37,1.12
24.56,67.38,52.79,1.27,6.36,30.68,0.75
40.59,27.92,134.1,1.14,5.56,20.72,1.22
16.97,29.65,38.13,1.08,5.08,23.66,0.35
24.61,40.93,71.88,1.43,7.65,28.71,0.53
28.32,48.92,133.23,1.54,6.6,21.65,0.98
32.8,58.28,70.37,1.45,6.01,16.13,0.97
49.26,40.82,96.62,1.37,8.15,22.48,1.21
19.98,47.38,67.71,1.03,5.41,33.89,0.59
35.71,67.32,52.91,1.68,8.35,27.83,0.8
39.62,17.57,138.08,1.56,6.1,28.43,0.79
12.32,32.67,69.12,1.2,8.11,27.65,0.37
40.38,64.93,127.29,1.69,7.11,18.98,1.28
18.53,77.66,47.59,1.42,7.89,23.37,0.66
13.25,50.82,45.57,1.41,8.44,30.02,0.29
57.44,52.25,23.74,1.52,6.01,17.03,0.96
58.28,22.5,98.2,1.57,8.36,20.56,1.1
50.42,46.32,64.22,1.46,6.36,20.53,1.02
25.23,52.28,123.72,1.09,6.35,23.64,0.99
14.88,31.97,76.79,1.24,6.19,34.61,0.28
44.21,33.85,136.18,1.65,6.89,16.35,1.14
32.01,41.41,42.26,1.16,5.54,25.37,0.69
16.1,16.4,124.23,1.26,6.94,18.59,0.53
34.76,37.55,113.19,1.3,6.9,34.41,0.86
11.72,29.8,112.51,1.31,7.67,17.27,0.62
55.47,37.92,121.37,1.43,7.92,23.07,1.38
22.94,23.38,111.32,1.66,6.54,29.76,0.49
43.13,77.34,95.15,1.17,6.06,29.09,1.36
25.59,56.55,35.75,1.09,5.91,23.45,0.71
36.0,62.54,23.9,1.14,5.68,21.93,0.73
37.34,70.24,130.5,1.62,5.2,22.95,1.32
19.24,49.89,94.0,1.45,6.2,20.29,0.76
58.48,21.08,115.58,1.2,5.95,19.11,1.34
48.76,52.6,77.78,1.57,8.38,24.66,1.24
56.97,56.08,34.08,1.6,6.95,20.37,0.91
54.74,67.18,35.02,1.59,6.22,20.75,1.16
39.89,45.22,102.27,1.64,7.03,28.14,0.9
56.09,23.93,71.64,1.18,5.49,34.37,0.95
14.42,34.86,44.06,1.53,6.55,27.07,0.25
19.8,40.42,78.99,1.32,7.19,16.54,0.67
12.26,60.21,27.71,1.59,6.71,16.51,0.35
26.27,54.95,89.84,1.51,6.41,34.03,0.73
29.43,39.93,52.28,1.54,8.48,20.95,0.5
23.57,84.06,115.71,1.46,8.08,16.84,1.26
51.44,57.4,57.24,1.12,7.18,26.98,1.13
27.84,31.61,74.63,1.38,6.99,27.47,0.53
24.05,22.12,21.39,1.69,7.17,27.97,0.25
37.13,25.7,28.69,1.66,5.7,20.35,0.48
17.05,32.22,67.1,1.03,6.38,15.3,0.61
50.11,26.25,77.59,1.12,5.14,34.3,0.93
13.73,28.06,92.0,1.09,6.66,20.02,0.57
59.34,34.96,55.0,1.51,6.9,28.52,0.97
48.61,27.14,103.4,1.57,5.8,29.13,0.96
19.94,77.77,123.21,1.15,8.37,27.2,1.26
10.28,20.62,113.58,1.35,8.18,21.26,0.49
50.77,51.72,24.75,1.59,7.53,20.42,0.87
45.34,43.73,77.66,1.51,6.87,26.95,0.93
46.45,83.77,32.59,1.38,8.04,32.32,1.09
48.56,22.84,49.05,1.41,5.46,33.93,0.59
13.7,42.85,138.4,1.36,7.77,17.12,0.93
27.92,82.86,37.1,1.21,5.44,18.1,0.95
15.79,75.59,79.87,1.4,7.78,33.89,0.71
53.16,72.2,94.18,1.48,5.97,29.73,1.34
41.16,33.05,104.3,1.61,8.07,32.66,0.83
26.54,26.96,87.16,1.45,8.3,19.05,0.65
13.18,61.81,21.17,1.53,5.52,26.75,0.31
25.55,80.06,59.18,1.11,6.62,29.02,1.02
26.26,53.97,82.13,1.32,8.43,28.6,0.84
46.48,55.01,30.54,1.01,6.69,23.16,1.05
41.88,34.6,62.08,1.17,8.02,15.31,0.93
54.36,68.86,23.98,1.51,7.06,26.66,0.95
33.61,28.09,29.43,1.69,6.31,20.06,0.43
15.98,37.66,67.63,1.07,6.0,24.01,0.61
45.66,44.78,35.93,1.28,5.71,34.15,0.81
48.04,50.53,88.1,1.56,7.67,22.98,1.06
38.06,31.97,102.74,1.14,6.35,31.8,0.91
48.55,23.04,116.07,1.39,6.79,18.77,1.04
34.69,57.74,44.02,1.51,6.72,28.45,0.67
36.14,35.2,40.1,1.43,7.02,34.54,0.53
31.38,55.69,32.55,1.13,8.03,17.04,0.79
11.27,25.81,96.37,1.25,8.43,15.17,0.6
15.39,48.68,104.78,1.55,6.43,23.67,0.66
11.57,52.28,23.79,1.39,7.9,16.85,0.37
41.82,18.63,132.35,1.0,7.68,29.97,1.03
25.72,38.56,26.24,1.53,7.01,33.29,0.26
35.43,24.41,84.96,1.02,8.35,23.68,0.71
55.38,19.44,105.09,1.52,5.7,20.17,1.07
22.46,84.3,124.52,1.14,5.38,23.69,1.22
30.52,37.56,105.69,1.67,7.99,29.47,0.77
47.78,71.69,116.21,1.26,6.54,15.18,1.62
21.44,32.82,60.73,1.23,7.96,26.79,0.51
13.85,62.71,117.78,1.1,8.13,27.27,1.02
24.49,68.22,29.61,1.21,5.22,27.75,0.61
18.06,56.69,127.38,1.61,8.09,19.84,0.99
56.48,48.01,85.71,1.7,6.57,29.28,1.12
50.41,43.83,118.08,1.26,6.79,16.83,1.38
41.67,39.42,74.28,1.31,7.19,18.99,1.02
53.57,80.07,97.23,1.51,8.24,32.55,1.32
50.18,73.14,83.17,1.62,5.07,29.77,1.15
19.33,82.55,107.79,1.42,6.67,15.27,1.11
54.63,23.7,29.8,1.27,7.41,19.97,0.79
36.97,66.16,27.24,1.29,7.53,19.29,0.82
50.37,80.68,49.65,1.49,7.42,20.42,1.28
54.8,27.69,39.15,1.0,5.47,19.95,0.98
25.9,19.65,124.61,1.43,6.05,16.25,0.82
15.5,66.88,46.31,1.25,6.26,24.18,0.59
21.4,55.21,137.1,1.56,7.82,29.65,0.81
31.36,73.93,60.43,1.07,5.98,27.13,1.03
50.9,24.78,41.85,1.41,5.74,28.46,0.6
53.04,70.67,114.76,1.34,8.35,16.62,1.6
10.35,29.11,99.04,1.45,5.03,34.03,0.27
35.54,26.46,79.78,1.05,8.49,31.77,0.86
30.87,26.5,86.64,1.41,7.37,31.1,0.65
21.11,72.02,106.3,1.39,7.9,31.46,0.93
15.99,61.56,47.41,1.39,6.03,33.65,0.51
26.88,51.61,139.56,1.42,5.05,25.89,1.02
57.15,40.12,136.98,1.47,7.58,19.01,1.49
26.16,76.4,98.04,1.56,7.92,27.34,0.98
35.94,42.47,43.95,1.19,7.59,29.86,0.7
45.15,72.16,101.63,1.58,5.5,29.76,1.28
28.18,45.74,28.66,1.35,7.64,25.43,0.54
58.59,41.39,23.68,1.05,7.69,16.37,1.11
58.12,47.39,50.92,1.04,7.3,22.42,1.13
22.59,36.1,75.51,1.23,7.68,33.42,0.49
34.86,67.33,124.19,1.55,7.96,26.69,1.17
25.04,50.19,107.26,1.5,7.15,25.77,0.84
24.24,31.25,109.12,1.55,5.31,20.38,0.66
11.84,77.97,71.06,1.36,6.71,22.37,0.88
40.48,41.87,61.51,1.31,5.27,32.91,0.84
35.13,53.05,64.52,1.1,6.43,28.33,0.94
12.57,78.45,138.52,1.23,6.42,30.75,1.07
23.93,58.7,24.81,1.3,5.23,24.09,0.55
55.41,23.18,124.04,1.06,6.22,27.6,1.24
21.98,80.79,89.44,1.15,5.39,19.97,1.12
17.24,58.94,72.63,1.42,7.83,29.11,0.62
34.47,38.44,107.03,1.51,8.32,23.55,0.83
59.28,24.75,78.4,1.7,5.25,23.85,0.96
22.1,70.58,124.81,1.65,8.34,27.99,0.96
43.61,58.41,128.08,1.45,6.83,33.73,1.12
48.08,52.34,70.61,1.29,6.05,16.28,1.14
21.88,77.57,53.22,1.45,5.27,31.49,0.67
46.41,70.2,91.08,1.55,6.75,20.85,1.36
28.39,25.62,129.48,1.08,7.78,23.88,0.99
41.62,36.82,45.28,1.29,7.47,15.44,0.77
41.68,32.39,94.76,1.59,5.18,21.02,0.92
36.79,67.08,95.79,1.27,5.26,25.05,1.1
14.51,17.35,107.97,1.4,6.41,16.12,0.6
51.77,54.89,35.79,1.41,6.03,24.82,0.93
26.04,68.37,105.9,1.13,5.81,33.54,1.03
19.33,76.37,129.08,1.25,5.98,17.11,1.3
12.04,38.95,41.56,1.23,7.81,30.29,0.25
39.54,72.49,48.51,1.02,8.25,23.19,1.06
43.88,22.74,136.57,1.02,6.42,28.1,1.16
10.83,74.25,41.72,1.58,8.17,20.2,0.56
35.6,23.92,122.53,1.19,6.13,18.19,0.96
21.32,42.81,79.07,1.36,6.67,18.21,0.56
42.26,70.81,49.67,1.21,5.79,16.41,1.14
18.72,25.49,124.49,1.66,7.24,18.71,0.67
44.55,31.05,73.44,1.18,8.43,28.28,0.95
29.34,65.56,81.78,1.3,7.11,32.63,0.87
56.84,65.4,63.11,1.61,6.25,31.28,1.09
16.88,59.88,91.15,1.59,7.27,28.7,0.7
27.05,63.58,39.62,1.13,5.43,17.21,0.75
15.67,52.99,66.93,1.56,8.11,20.78,0.52
56.23,32.63,136.33,1.32,6.76,21.2,1.42
53.87,39.2,50.98,1.34,6.57,20.0,1.03
22.9,27.71,98.81,1.09,7.05,25.3,0.7
43.0,78.59,59.02,1.06,7.19,25.71,1.24
50.86,55.84,112.82,1.51,5.25,22.14,1.2
37.76,43.06,35.7,1.35,7.39,22.08,0.66
36.48,47.34,136.38,1.31,5.85,31.57,1.16
22.09,81.31,74.45,1.51,7.5,30.79,0.77
14.66,25.73,48.33,1.54,7.88,21.16,0.25
54.86,56.04,28.82,1.11,7.81,33.28,1.02
55.02,50.41,40.37,1.43,6.93,34.06,0.87
41.66,57.8,82.37,1.09,6.82,21.53,1.21
26.95,16.27,60.44,1.53,5.5,22.09,0.33
27.46,76.05,119.47,1.46,7.71,25.11,1.15
46.3,80.25,71.71,1.67,5.95,33.82,1.1
54.86,54.56,49.85,1.05,6.74,32.53,1.12
54.35,63.77,94.06,1.04,5.99,17.05,1.53
48.99,79.57,104.81,1.2,5.47,22.85,1.56
42.1,64.51,40.05,1.18,7.2,26.07,1.01
14.21,25.68,40.11,1.17,5.19,25.06,0.25
18.08,55.34,24.4,1.63,7.62,18.88,0.43
54.93,57.47,108.37,1.17,6.11,32.18,1.38
40.32,44.69,99.66,1.19,5.0,28.54,1.08
10.46,66.55,76.96,1.53,6.79,31.76,0.58
15.07,80.41,121.3,1.31,5.16,32.18,0.93
43.18,79.79,116.68,1.54,5.97,29.97,1.3
10.25,46.56,90.24,1.05,7.47,23.78,0.66
18.04,22.93,124.19,1.34,5.22,27.21,0.59
37.44,83.94,44.7,1.02,7.94,18.21,1.3
44.59,73.72,33.43,1.04,5.01,28.47,1.03
42.6,23.73,52.37,1.63,5.86,18.59,0.61
21.21,79.46,26.85,1.1,7.59,28.88,0.72
45.61,75.89,83.74,1.37,6.11,19.59,1.27
21.86,51.32,132.39,1.29,5.36,17.35,1.06
26.27,56.39,24.72,1.24,6.26,18.31,0.67
47.32,42.93,34.65,1.63,5.95,15.04,0.79
42.48,18.83,74.26,1.02,7.95,29.37,0.8
52.46,38.46,132.07,1.46,6.1,29.65,1.22
42.88,71.2,57.94,1.67,7.76,25.3,0.89
38.42,15.32,80.87,1.39,8.12,18.23,0.75
14.68,38.34,24.99,1.66,6.52,16.67,0.29
28.39,42.87,37.8,1.04,8.18,15.38,0.74
23.26,52.62,138.4,1.29,6.32,18.31,1.14
22.2,79.39,135.81,1.18,8.37,32.82,1.24
58.65,39.24,20.59,1.51,5.31,19.83,0.81
29.65,39.29,134.22,1.69,7.4,22.09,1.0
54.6,66.63,96.69,1.18,6.73,17.11,1.56
41.56,46.66,124.15,1.46,6.36,19.45,1.29
49.74,30.72,74.57,1.14,7.21,25.38,0.98
35.13,46.67,81.87,1.4,7.46,27.16,0.94
38.85,24.86,78.66,1.32,5.02,19.91,0.85
34.63,27.35,100.02,1.68,5.58,16.15,0.82
19.76,49.89,36.76,1.43,7.5,22.82,0.46
46.12,44.32,23.6,1.24,7.33,19.68,0.82
24.04,79.04,56.95,1.08,8.38,19.39,1.07
11.22,40.37,104.56,1.11,7.66,34.2,0.59
42.27,55.64,44.22,1.16,8.33,27.33,0.82
18.86,59.26,100.81,1.18,7.46,26.14,0.83
57.02,15.92,136.39,1.6,6.04,23.32,1.16
57.7,61.45,31.27,1.39,5.37,23.58,1.11
55.74,27.46,100.71,1.37,7.74,25.82,1.12
28.51,82.27,73.25,1.08,7.25,28.93,1.15
10.77,25.41,124.18,1.6,5.17,29.04,0.34
56.42,44.02,41.26,1.51,6.26,18.43,1.0
31.41,20.97,103.12,1.05,8.35,25.0,0.75
58.33,84.78,120.57,1.5,6.75,23.24,1.74
58.18,50.15,133.35,1.38,6.51,32.41,1.43
52.65,56.68,101.99,1.06,6.6,27.63,1.43
24.72,19.7,79.66,1.32,5.73,25.65,0.47
29.25,67.5,94.14,1.34,6.29,17.31,1.17
52.56,29.69,124.27,1.12,6.29,27.11,1.34
25.85,77.86,88.47,1.66,5.18,17.34,1.03
18.47,29.36,23.65,1.59,7.69,21.74,0.25
37.84,28.35,131.71,1.47,6.46,17.86,1.09
56.81,17.56,102.74,1.32,7.88,28.84,1.02
44.8,48.04,101.18,1.29,7.98,19.13,1.26
38.5,54.54,45.88,1.46,5.74,22.84,0.89
14.86,19.6,99.07,1.38,7.3,32.91,0.42
40.75,69.29,67.26,1.04,6.65,19.09,1.21
59.5,46.73,98.15,1.36,8.08,25.16,1.35
17.0,51.71,32.79,1.56,5.76,23.39,0.29
35.92,45.85,98.94,1.32,7.37,15.36,1.11
53.87,43.05,139.93,1.04,7.13,30.86,1.5
47.04,54.17,25.79,1.55,6.03,16.38,0.77
44.85,25.87,137.26,1.14,5.48,24.49,1.16
45.12,27.73,68.83,1.18,7.28,26.21,0.85
27.97,75.32,124.49,1.12,7.59,27.57,1.26
24.68,81.23,113.89,1.23,6.1,28.77,1.11
50.47,41.13,88.04,1.53,7.26,20.07,1.11
50.51,33.95,108.61,1.36,6.38,15.2,1.26
53.35,60.08,125.42,1.14,7.5,29.47,1.5
55.66,43.61,68.5,1.61,5.7,25.71,0.97
35.57,16.78,59.24,1.62,8.12,31.72,0.43
35.08,25.93,100.11,1.61,6.01,31.43,0.74
49.91,65.12,116.94,1.17,6.29,31.87,1.4
42.5,61.12,111.47,1.32,5.2,24.7,1.24
45.1,16.9,115.74,1.69,5.39,21.67,0.91
49.79,30.54,72.27,1.54,6.81,30.83,0.79
54.5,31.18,118.14,1.02,5.94,24.03,1.35
26.9,62.03,34.43,1.05,7.92,18.67,0.85
28.78,16.38,85.34,1.32,5.05,32.1,0.41
14.7,22.29,20.69,1.64,6.33,32.65,0.25
38.91,70.99,58.95,1.38,6.18,24.33,1.02
11.8,27.5,63.98,1.35,5.07,16.51,0.36
33.28,60.69,67.54,1.07,5.44,22.76,1.02
37.13,31.67,103.46,1.46,6.45,31.07,0.8
24.33,21.96,66.63,1.58,6.73,33.04,0.25
39.54,32.02,73.84,1.27,6.42,19.07,0.96
11.53,65.56,48.51,1.54,6.86,16.34,0.54
11.87,74.9,64.79,1.68,7.08,32.55,0.51
51.13,73.12,47.27,1.14,5.03,22.79,1.31
28.01,42.8,28.78,1.37,6.62,25.84,0.42
16.35,61.77,92.41,1.2,8.37,34.36,0.76
36.11,29.35,100.19,1.55,6.82,16.33,0.86
48.5,35.52,94.34,1.4,7.37,27.97,1.06
20.79,77.74,75.62,1.44,6.09,16.48,0.84
41.14,15.91,65.57,1.56,7.71,22.51,0.6
14.27,20.99,123.6,1.28,7.71,31.08,0.51
12.58,29.55,82.29,1.64,6.82,23.67,0.35
36.57,16.86,77.5,1.37,8.42,34.94,0.57
37.03,27.7,23.08,1.11,5.44,26.18,0.51
41.87,55.81,60.95,1.49,5.06,21.42,0.91
46.3,44.5,65.62,1.56,7.7,19.4,0.93
58.79,77.49,67.86,1.22,7.83,22.01,1.45
35.82,72.22,89.62,1.6,5.42,22.45,1.12
26.15,38.93,84.03,1.63,5.93,16.37,0.67
49.76,33.16,92.95,1.19,5.06,22.39,0.99
23.54,41.58,111.79,1.69,6.03,24.28,0.69
31.95,56.32,117.56,1.1,7.71,29.45,1.09
13.92,33.76,106.17,1.14,6.81,28.13,0.55
11.27,58.69,134.66,1.13,6.22,29.18,0.86
58.13,43.66,22.19,1.63,6.3,15.17,0.92
51.8,53.64,43.49,1.46,5.0,19.35,1.09
44.8,45.53,20.91,1.11,6.05,28.23,0.79
30.45,35.61,97.7,1.31,7.26,24.68,0.79
18.66,81.39,127.76,1.43,8.41,15.11,1.24
17.82,68.45,49.22,1.06,7.96,31.09,0.66
22.51,24.81,131.24,1.62,5.08,30.46,0.59
37.46,75.79,27.23,1.56,8.14,25.97,0.74
45.73,49.12,132.13,1.35,7.74,16.33,1.32
43.01,77.62,62.19,1.68,7.73,30.33,0.97
24.0,70.99,32.17,1.29,6.6,26.67,0.68
57.74,44.76,78.3,1.69,6.39,30.64,1.01
46.89,16.57,50.81,1.47,6.06,30.03,0.55
37.72,33.81,54.18,1.44,5.23,31.06,0.55
40.59,52.91,56.87,1.12,5.8,25.36,1.0
30.98,59.34,116.36,1.62,5.86,17.81,1.01
22.39,33.05,84.7,1.3,6.69,28.42,0.62
27.8,24.75,57.36,1.11,7.62,27.41,0.49
47.89,73.45,93.24,1.01,6.66,29.85,1.38
10.72,83.91,105.94,1.39,5.2,18.4,0.92
15.8,51.8,52.71,1.37,8.35,18.9,0.52
12.3,27.02,69.63,1.5,8.3,32.81,0.25
12.04,34.06,34.63,1.62,7.75,30.0,0.25
52.77,16.29,41.74,1.06,8.47,33.16,0.78
45.18,79.0,101.73,1.51,6.91,30.17,1.31
33.71,23.24,41.77,1.13,8.37,26.94,0.48
14.89,55.36,83.02,1.6,5.26,28.08,0.52
34.58,34.18,105.09,1.57,6.28,32.78,0.7
33.67,53.79,32.83,1.38,5.79,26.58,0.72
18.66,60.6,88.08,1.5,5.69,27.65,0.64
31.69,73.08,50.79,1.22,5.49,18.13,1.05
29.93,29.45,135.55,1.33,7.18,24.48,1.0
40.79,15.77,78.03,1.58,7.73,29.33,0.67
41.75,24.58,116.72,1.32,7.02,20.42,1.02
12.27,78.0,86.03,1.25,5.51,19.05,0.95
28.73,76.17,25.21,1.35,7.84,21.28,0.9
41.29,56.82,95.98,1.58,7.23,19.83,1.07
35.16,57.04,134.17,1.23,6.36,19.3,1.25
52.82,61.55,92.19,1.12,7.36,23.5,1.32
42.93,27.28,118.3,1.5,5.91,33.16,0.93
18.15,79.01,126.1,1.58,6.21,25.14,0.94
13.53,44.31,47.37,1.07,8.21,18.76,0.51
42.12,41.82,45.45,1.17,6.02,16.54,0.94
11.33,51.32,93.32,1.1,6.64,28.92,0.68
39.29,18.29,69.32,1.24,8.12,22.66,0.74
57.01,26.64,120.78,1.32,7.48,31.44,1.21
38.77,66.66,128.0,1.52,5.22,28.19,1.3
29.41,20.8,62.41,1.46,5.52,30.92,0.35
42.16,57.22,48.42,1.43,5.03,20.44,0.89
32.91,32.17,113.66,1.25,7.21,28.85,0.85
37.28,42.25,52.98,1.59,6.57,20.28,0.74
57.07,35.21,118.71,1.33,5.47,33.78,1.27
29.31,39.9,70.85,1.69,8.35,27.73,0.57
58.06,65.33,100.11,1.44,6.85,21.49,1.53
55.27,35.8,31.46,1.09,5.85,20.39,0.93
19.79,54.65,94.86,1.47,6.75,18.82,0.89
13.47,48.32,74.21,1.23,7.38,28.89,0.62
15.04,61.46,90.39,1.48,5.27,19.37,0.79
10.91,80.58,40.16,1.05,5.96,26.91,0.76
14.72,66.28,108.42,1.12,7.82,20.29,0.92
44.15,30.05,123.54,1.6,6.61,28.24,0.95
13.56,17.18,46.01,1.16,6.91,31.3,0.25
25.95,33.36,31.49,1.59,6.51,30.56,0.29
52.24,56.66,22.84,1.2,5.15,30.22,0.88
11.16,18.6,97.04,1.45,5.58,18.75,0.44
50.72,49.75,92.85,1.49,6.56,16.77,1.3
24.09,56.78,85.6,1.36,5.73,28.98,0.81
15.91,38.4,47.83,1.21,5.17,22.37,0.45
44.84,68.96,66.91,1.15,7.95,23.65,1.17
41.45,22.46,91.34,1.02,8.43,15.62,1.0
53.87,20.26,79.61,1.21,7.78,20.19,1.11
46.75,65.97,138.53,1.46,7.99,15.67,1.59
50.17,49.68,36.37,1.66,5.85,32.58,0.72
24.1,63.19,103.42,1.61,8.36,19.87,0.9
18.87,45.44,68.52,1.54,5.69,26.15,0.39
47.53,32.25,71.38,1.55,8.33,15.78,0.87
50.34,72.34,106.11,1.47,8.48,28.34,1.46
59.53,70.96,103.09,1.18,7.49,21.46,1.58
30.63,63.63,138.95,1.64,8.43,32.96,1.07
28.6,34.05,35.41,1.47,6.99,32.76,0.39
48.82,56.32,32.49,1.39,5.91,21.51,0.88
27.04,40.27,106.92,1.08,6.53,33.02,0.86
56.54,21.41,89.41,1.31,7.08,34.92,1.01
52.92,79.21,52.9,1.32,5.26,31.51,1.22
31.45,24.58,29.53,1.61,7.18,31.9,0.38
47.54,81.52,30.28,1.38,8.43,19.98,1.05
47.73,46.22,127.3,1.27,5.67,26.53,1.37
15.16,27.96,43.02,1.68,7.77,16.35,0.25
55.13,52.93,58.8,1.08,8.18,16.9,1.34
35.26,76.11,47.2,1.3,8.3,34.98,0.89
51.32,66.26,62.6,1.03,8.36,21.53,1.3
26.0,71.46,28.33,1.52,6.83,29.96,0.58
54.78,61.11,82.29,1.64,8.42,31.13,1.04
29.46,63.46,28.11,1.2,7.65,32.16,0.68
10.54,74.44,116.04,1.6,5.57,34.95,0.74
55.27,32.48,48.05,1.2,6.67,19.83,1.04
14.56,49.26,84.8,1.64,7.51,15.81,0.66
25.97,30.48,125.61,1.53,5.87,23.22,0.81
57.5,84.14,98.11,1.56,7.24,17.6,1.61
57.53,81.08,83.95,1.01,7.33,15.45,1.68
38.67,17.76,58.92,1.67,5.57,22.21,0.47
41.59,64.39,59.96,1.51,6.98,30.67,0.96
32.42,79.77,100.34,1.21,7.7,26.32,1.31
24.66,27.64,139.3,1.58,6.75,21.26,0.81
26.43,54.76,99.42,1.2,5.04,28.09,0.93
43.63,79.08,86.93,1.61,5.03,19.64,1.22
47.62,17.38,107.68,1.08,6.25,15.29,1.22
49.58,63.82,75.82,1.49,8.24,30.29,1.14
49.48,35.81,27.22,1.38,5.8,27.47,0.8
14.56,79.71,87.48,1.07,7.22,30.25,0.87
34.72,82.97,134.92,1.17,5.78,15.78,1.57
12.88,81.1,41.04,1.01,6.13,31.74,0.69
37.48,48.19,102.8,1.33,7.97,27.39,1.05
32.08,75.34,44.11,1.21,7.55,26.27,0.91
54.39,74.12,84.3,1.42,5.33,27.49,1.31
27.55,37.34,31.6,1.21,6.5,32.29,0.47
15.85,73.02,74.04,1.21,5.1,26.74,0.84
17.15,17.59,110.74,1.52,6.68,26.62,0.41
48.08,56.74,61.71,1.03,7.32,34.81,1.14
40.91,31.1,99.79,1.63,5.41,30.13,0.85
15.06,23.44,115.45,1.6,6.01,23.85,0.5
14.21,20.39,131.26,1.47,6.39,29.15,0.53
45.05,63.74,48.16,1.42,8.22,22.78,1.03
13.64,38.79,67.92,1.62,8.48,19.58,0.35
51.09,65.73,38.29,1.13,5.16,26.94,1.12
45.31,19.57,139.1,1.06,7.66,33.56,1.02
14.07,37.07,131.24,1.17,6.3,33.58,0.76
14.24,52.76,84.79,1.56,6.37,21.84,0.52
59.33,70.35,121.04,1.02,7.64,25.55,1.82
28.71,37.31,82.51,1.41,8.21,19.23,0.74
28.53,58.81,94.83,1.7,8.33,34.91,0.72
50.64,77.02,30.69,1.6,7.02,34.62,0.89
57.36,58.11,110.63,1.37,6.25,27.99,1.4
59.3,31.31,35.33,1.04,7.76,31.09,1.01
47.67,16.71,119.13,1.58,5.88,29.3,0.77
28.81,75.91,113.84,1.42,6.97,26.86,1.21
14.18,16.49,105.05,1.08,6.26,16.07,0.65
48.86,76.23,24.34,1.07,7.3,24.1,1.09
37.92,52.03,56.38,1.64,5.84,28.5,0.65
31.21,80.73,51.57,1.47,5.67,28.55,0.96
55.32,70.91,63.22,1.58,8.21,22.46,1.19
15.56,84.86,30.52,1.62,5.36,33.83,0.4
34.63,39.55,132.43,1.4,6.77,18.35,1.18
10.57,68.7,86.46,1.36,5.77,25.01,0.73
33.43,43.14,56.66,1.3,5.14,28.82,0.64
12.82,48.59,67.64,1.22,5.13,28.94,0.51
15.94,58.93,73.66,1.3,5.61,27.97,0.59
15.88,76.16,92.07,1.54,8.03,20.51,0.92
42.46,83.89,81.88,1.42,5.99,18.12,1.39
47.3,68.78,130.33,1.62,8.33,27.72,1.39
39.17,44.24,79.64,1.31,7.04,26.99,0.93
58.11,44.49,139.06,1.42,6.53,18.59,1.63
28.74,66.63,122.17,1.44,7.03,29.1,1.08
24.29,31.71,45.02,1.41,6.81,24.1,0.35
53.43,22.73,131.67,1.49,7.66,28.36,1.16
21.18,39.82,33.96,1.17,5.99,31.75,0.48
58.16,35.11,118.09,1.36,6.24,18.39,1.33
10.61,35.74,65.67,1.07,8.13,15.38,0.53
58.49,31.35,125.36,1.27,8.31,30.58,1.33
12.16,17.95,124.17,1.34,8.12,27.19,0.5
54.56,16.25,116.71,1.46,6.47,28.99,0.98
36.39,84.14,114.8,1.67,7.73,31.76,1.25
59.65,44.94,56.56,1.42,6.67,31.06,1.15
13.69,41.9,29.71,1.52,6.74,34.22,0.25
37.69,62.58,68.36,1.35,5.72,25.72,0.93
58.47,30.28,40.82,1.44,7.07,24.77,0.79
36.15,81.5,103.39,1.05,5.65,23.04,1.43
41.47,70.04,61.53,1.18,6.16,18.07,1.25
44.79,21.26,137.07,1.25,7.99,26.45,1.15
32.73,44.23,96.92,1.33,5.72,20.54,0.96
41.38,76.54,118.7,1.03,5.25,33.43,1.4
39.22,81.13,35.9,1.1,5.24,26.66,1.01
55.06,47.72,123.44,1.19,8.29,26.86,1.48
12.27,57.94,130.73,1.68,6.77,22.1,0.84
24.05,26.69,78.45,1.23,6.43,16.04,0.6
57.52,84.38,92.75,1.34,7.84,15.63,1.76
54.51,31.22,111.78,1.14,7.93,23.47,1.32
32.78,80.99,40.98,1.43,6.16,16.69,1.05
41.01,60.48,80.31,1.2,7.43,27.14,1.04
23.87,57.54,67.84,1.14,7.7,32.62,0.66
19.41,50.89,37.56,1.36,7.29,32.66,0.38
33.18,31.15,64.1,1.0,5.53,28.18,0.76
27.67,27.36,28.18,1.01,8.07,19.22,0.62
39.18,30.43,23.1,1.15,6.89,32.26,0.56
13.89,28.05,36.22,1.03,5.99,32.72,0.25
58.72,69.57,135.57,1.08,6.49,18.93,1.8
59.31,39.51,85.94,1.24,5.13,29.75,1.27
44.91,19.05,135.9,1.56,5.45,20.73,1.0
36.8,82.84,71.9,1.4,7.68,31.05,1.16
25.48,76.87,57.42,1.36,5.0,34.94,0.74
50.69,79.94,80.74,1.21,6.46,15.6,1.6
44.24,84.64,72.74,1.65,6.83,32.95,1.13
18.13,27.17,32.68,1.28,5.19,27.45,0.25
55.55,42.74,96.9,1.06,8.41,34.47,1.22
51.13,68.08,45.92,1.43,5.79,24.3,1.08
57.49,63.72,94.35,1.08,6.06,31.95,1.47
46.29,25.77,98.02,1.24,6.06,16.25,1.1
40.67,72.11,38.24,1.36,5.81,21.71,0.96
30.91,30.71,27.36,1.61,5.01,16.34,0.41
56.64,30.67,113.69,1.35,7.55,34.51,1.15
53.3,52.59,75.18,1.49,8.38,31.34,0.95
12.26,56.51,26.98,1.69,5.79,32.05,0.25
11.32,55.61,139.38,1.09,7.32,33.76,0.84
28.82,21.4,26.93,1.19,7.6,16.7,0.4
50.53,76.42,103.4,1.28,7.97,22.71,1.43
59.36,33.59,138.04,1.3,6.48,16.42,1.44
17.52,24.07,48.7,1.29,6.06,19.22,0.29
39.71,77.21,37.07,1.64,6.14,19.59,0.89
29.04,81.9,34.57,1.5,7.49,24.38,0.89
58.5,75.35,56.39,1.43,7.86,20.37,1.33
52.11,71.67,32.13,1.22,5.64,17.02,1.23
51.92,60.87,103.06,1.58,6.3,18.35,1.36
33.43,53.56,27.48,1.67,8.16,17.95,0.61
30.74,21.09,81.13,1.57,7.82,34.46,0.44
23.67,43.59,139.6,1.0,8.45,30.19,0.99
12.82,41.09,117.68,1.45,7.64,34.36,0.63
53.24,33.18,93.83,1.04,6.38,23.79,1.32
50.65,65.64,56.75,1.18,7.07,20.57,1.17
59.99,49.71,94.87,1.04,7.31,30.97,1.35
59.83,20.67,83.24,1.42,5.27,21.53,1.05
37.77,30.41,71.13,1.48,6.91,20.99,0.69
48.45,62.83,35.69,1.08,7.48,19.65,1.16
57.24,20.33,126.39,1.27,5.59,17.59,1.3
52.48,74.58,73.97,1.32,7.73,20.13,1.5
22.37,49.66,43.35,1.26,7.04,22.11,0.65
32.53,48.64,64.13,1.08,8.33,28.48,0.85
16.46,56.47,69.7,1.29,5.15,16.25,0.78
57.7,72.73,119.3,1.53,5.93,19.21,1.67
40.31,39.35,108.03,1.05,7.11,31.18,1.05
21.43,62.46,112.32,1.06,6.04,17.94,1.09
43.59,54.6,21.32,1.25,7.5,21.85,0.85
40.91,33.69,69.94,1.66,7.66,32.29,0.67
27.91,76.5,77.76,1.47,5.36,18.1,1.03
15.68,70.82,22.3,1.48,6.8,16.65,0.45
43.58,61.09,51.18,1.25,6.78,24.69,0.97
36.02,74.54,111.23,1.42,6.29,21.05,1.28
48.62,75.71,36.45,1.01,8.27,26.27,1.2
36.01,64.59,84.24,1.45,7.9,31.08,1.06
52.61,73.59,45.82,1.64,7.44,17.74,1.09
37.6,63.82,21.45,1.43,7.5,26.61,0.74
38.05,62.61,48.94,1.61,6.62,25.11,0.88
53.83,58.3,137.1,1.51,8.22,17.88,1.67
30.17,67.69,116.18,1.08,7.43,27.48,1.2
16.7,26.1,135.15,1.63,7.55,20.47,0.68
11.44,76.66,78.54,1.05,8.02,24.76,0.89
47.76,76.03,33.17,1.37,5.96,16.65,1.15
41.02,17.05,85.76,1.1,7.82,24.19,0.85
45.2,72.81,74.53,1.01,5.68,21.13,1.39
20.65,24.02,121.32,1.3,6.21,31.45,0.51
16.82,38.46,31.77,1.21,6.17,16.14,0.47
10.73,67.05,78.59,1.34,8.42,23.37,0.69
27.53,26.25,38.01,1.4,8.0,24.17,0.37
39.5,72.26,58.96,1.03,7.45,29.5,1.21
29.61,73.25,108.48,1.09,7.54,26.49,1.19
31.87,50.52,77.12,1.39,6.97,28.34,0.78
55.21,15.45,65.11,1.24,8.31,30.54,0.94
27.41,35.09,67.34,1.51,6.74,32.24,0.44
35.7,58.18,75.13,1.46,6.33,21.28,0.93
49.18,83.68,114.2,1.59,5.57,25.76,1.46
29.83,59.23,127.05,1.48,7.75,31.8,1.06
41.1,33.19,134.64,1.3,7.57,34.79,1.06
53.12,59.38,114.43,1.47,6.35,32.79,1.24
57.48,52.8,57.85,1.19,5.09,22.43,1.21
17.35,69.59,102.58,1.21,7.94,18.9,0.99
56.33,22.49,72.51,1.55,5.04,24.79,0.89
34.61,68.27,50.56,1.31,7.46,29.83,0.88
22.91,52.89,120.9,1.56,8.4,24.85,0.9
32.96,82.41,24.61,1.58,6.53,24.66,0.69
59.0,38.93,128.21,1.6,5.82,31.76,1.31
34.63,59.28,75.38,1.64,7.47,22.23,0.89
26.44,80.24,96.46,1.3,7.86,32.2,1.11
41.67,22.18,99.12,1.22,6.91,23.14,0.96
22.01,80.61,127.41,1.41,8.38,21.56,1.26
13.79,63.15,96.4,1.26,5.18,24.08,0.84
16.44,19.75,93.67,1.42,6.77,30.25,0.44
16.4,36.07,28.0,1.49,7.51,17.52,0.3
17.6,64.57,82.21,1.48,8.02,18.93,0.78
16.94,19.71,38.02,1.26,5.63,34.03,0.25
42.04,55.75,108.49,1.12,7.8,18.51,1.39
19.09,39.21,81.47,1.3,6.93,26.35,0.62
27.28,58.46,101.63,1.1,6.39,26.59,0.97
54.84,18.2,25.0,1.62,5.46,24.79,0.51
33.7,76.01,30.18,1.24,8.03,27.89,0.87
43.38,83.14,105.96,1.11,5.55,19.6,1.57
18.62,82.82,28.65,1.02,6.08,26.05,0.74
19.61,67.48,28.55,1.45,6.02,22.44,0.55
12.04,24.11,21.45,1.45,8.05,28.23,0.25
