EC_dS_m,Moisture_Pct,pH,Sodium_Adsorption_Ratio,Nitrate_PPM,Organic_Matter_Pct
1.94,56.41,5.7,1.51,83.14,1.86
4.3,79.65,8.89,5.24,13.86,2.86
3.4,58.63,8.59,4.68,38.8,1.41
2.85,59.27,8.75,6.04,8.36,1.71
1.04,81.37,8.98,2.23,64.19,3.71
1.04,48.24,6.11,14.12,78.45,1.52
0.64,29.38,6.89,8.75,27.4,2.14
3.95,22.01,8.15,5.28,73.67,3.62
2.86,72.86,7.94,6.56,28.38,2.98
3.3,63.42,6.04,7.26,77.86,0.72
0.48,69.29,8.36,9.41,65.32,1.02
4.38,34.91,6.29,8.22,69.39,0.53
3.81,29.55,6.28,13.87,6.44,2.71
1.27,21.02,7.38,7.96,82.02,2.07
1.15,44.54,7.58,14.89,63.13,0.97
1.15,61.29,7.53,12.92,29.38,3.85
1.65,47.46,5.82,3.92,71.35,2.35
2.55,50.62,8.57,14.03,27.52,1.35
2.17,83.29,6.43,2.63,74.82,2.25
1.59,44.38,5.95,12.44,14.01,2.88
2.91,55.98,8.61,6.33,61.29,0.77
0.97,74.86,8.84,13.29,48.26,1.46
1.6,47.76,8.52,13.15,12.72,3.32
1.9,63.55,8.33,12.28,24.35,2.11
2.27,80.37,7.79,12.06,5.99,2.41
3.62,86.47,7.43,5.27,42.5,2.01
1.22,30.3,5.8,2.13,29.1,0.65
2.51,84.86,6.93,6.64,52.87,1.08
2.83,54.45,6.8,3.43,28.78,2.06
0.59,38.08,6.41,10.73,28.99,1.23
2.89,52.14,8.03,5.85,64.46,0.67
1.1,88.6,7.24,14.66,8.85,3.45
0.67,54.48,5.78,9.97,77.23,3.93
4.29,43.01,6.27,12.51,73.18,3.28
4.36,64.34,7.89,2.86,58.42,3.49
3.71,36.81,5.77,13.07,52.46,1.35
1.65,25.31,8.48,13.92,76.38,3.86
0.8,29.02,7.23,7.82,19.83,1.19
3.21,28.96,7.18,9.49,11.32,3.83
2.2,30.63,7.57,11.71,24.16,3.98
0.9,29.72,8.39,3.45,68.57,2.99
2.43,64.86,6.72,8.04,7.77,3.93
0.54,32.73,7.87,6.58,51.62,2.49
4.13,44.2,7.48,3.05,84.64,1.41
1.46,82.78,6.43,6.15,73.46,2.03
3.12,53.18,8.58,1.95,46.72,2.58
1.68,66.73,8.29,1.36,10.09,0.76
2.53,32.06,7.8,2.89,71.51,2.68
2.64,33.46,8.48,14.48,52.92,3.93
1.16,22.86,8.54,8.69,14.19,1.17
4.38,31.83,7.98,14.52,12.51,3.27
3.58,39.5,8.43,7.05,77.77,3.68
4.25,32.39,7.94,5.37,58.54,3.8
4.07,26.21,7.88,8.09,71.34,3.86
2.85,28.44,7.67,7.15,75.32,2.33
4.18,52.25,8.13,2.48,50.74,3.92
0.76,34.44,6.06,9.97,46.4,3.15
1.2,45.5,8.58,4.02,39.43,1.07
0.59,55.24,8.55,9.67,30.36,2.17
1.73,68.33,5.6,10.1,39.77,3.01
1.99,22.75,8.39,3.13,66.91,1.37
1.51,75.96,5.95,1.86,53.15,2.74
3.8,63.95,6.67,11.93,76.4,2.83
1.86,25.72,8.1,7.44,40.47,1.07
1.55,81.15,6.06,1.81,53.57,2.48
2.63,84.46,8.36,14.93,55.5,3.2
0.98,24.28,8.41,1.81,52.34,2.25
3.69,39.38,7.28,10.73,61.21,0.54
0.71,76.43,5.52,14.77,23.99,0.53
4.45,72.38,6.5,4.35,45.99,1.75
3.57,32.92,7.66,2.99,13.34,3.74
1.21,34.65,8.93,2.7,35.76,1.3
0.42,45.93,7.71,5.25,44.01,2.72
3.74,53.92,6.41,2.41,57.18,1.28
3.3,63.28,7.72,10.69,81.04,1.63
3.39,45.82,7.39,1.87,53.05,3.47
3.56,52.38,8.23,8.13,64.49,3.05
0.7,72.32,5.87,14.95,45.5,0.83
1.87,22.57,8.16,12.4,55.73,2.0
0.88,37.67,7.39,9.61,10.67,0.6
3.94,69.93,8.87,5.29,25.35,2.18
2.96,82.66,6.7,9.73,33.95,2.82
1.76,55.82,7.71,8.38,42.8,0.91
0.66,57.25,8.76,6.97,8.65,1.51
1.68,27.5,5.86,2.83,16.2,1.89
1.73,51.32,8.78,13.41,27.15,3.72
3.39,57.28,7.91,7.3,82.72,3.98
3.01,36.97,5.74,3.72,31.51,0.66
4.04,38.85,6.55,6.15,43.56,3.16
2.34,46.41,7.98,6.8,20.69,1.8
0.89,21.4,5.74,12.59,53.86,1.87
3.32,42.55,7.54,11.27,27.45,3.14
3.52,34.8,6.71,11.77,21.56,3.71
2.7,42.92,7.67,1.15,46.33,3.83
3.56,28.38,5.66,6.83,5.44,2.52
2.42,82.34,8.55,7.74,5.61,1.75
2.54,61.55,8.91,1.27,22.53,3.26
2.15,67.54,8.89,4.64,7.94,1.38
0.5,75.24,8.12,11.64,13.64,2.47
0.84,54.89,5.96,2.92,32.11,1.76
0.53,26.08,8.15,8.49,69.21,2.8
3.01,57.6,5.59,4.01,50.76,1.34
1.69,61.08,5.58,1.17,46.01,1.17
2.49,72.18,6.63,4.38,28.48,3.71
4.12,50.22,7.21,14.66,79.54,0.86
1.42,28.93,8.2,12.22,36.76,2.27
2.08,39.86,7.89,14.43,11.97,1.27
3.5,45.42,7.06,7.83,54.37,0.64
1.34,65.21,6.46,2.54,14.11,0.63
0.72,59.95,8.99,8.67,32.62,1.11
1.59,44.93,6.99,7.36,45.59,3.53
1.06,89.06,7.08,12.82,74.94,1.49
4.21,62.4,6.07,2.37,44.48,3.83
3.71,36.61,8.28,7.84,61.18,2.54
3.0,27.12,7.93,3.1,84.43,2.03
3.97,30.7,6.27,5.55,15.52,2.53
3.7,37.22,5.79,11.32,26.98,2.31
1.16,31.25,7.88,7.66,36.57,3.16
4.06,33.06,7.79,6.26,38.75,1.49
2.61,39.96,6.46,6.52,37.88,1.74
3.71,32.14,8.83,7.43,77.61,3.63
4.07,82.77,6.03,11.99,62.12,3.81
1.7,25.62,7.01,13.49,53.63,3.62
0.85,56.72,8.8,14.37,29.75,1.97
1.33,48.73,6.97,12.02,70.9,3.23
2.15,88.77,7.73,5.42,81.4,2.17
3.75,27.84,6.89,10.63,70.7,2.24
3.93,47.85,6.46,7.13,5.13,1.22
0.43,87.86,8.94,4.57,55.91,2.57
2.49,80.59,6.93,12.77,9.09,1.15
2.11,77.2,8.63,1.54,25.61,1.66
1.31,38.05,6.3,13.62,9.76,3.49
0.89,31.96,6.25,7.46,53.3,1.22
1.78,66.81,5.61,9.92,59.93,0.75
4.27,85.06,7.78,10.23,14.16,0.74
1.73,58.97,6.79,13.53,35.71,3.79
2.53,60.01,8.53,9.91,41.5,2.27
3.28,39.6,7.16,9.6,34.52,1.93
1.89,73.86,8.89,1.93,14.68,3.34
4.38,33.09,6.15,8.26,38.52,3.43
4.35,42.66,8.54,3.1,65.09,1.66
1.43,49.78,8.22,11.32,10.68,2.93
2.44,55.53,8.2,8.17,11.41,3.2
1.63,36.97,8.46,10.52,33.38,2.79
1.57,28.04,8.16,1.58,80.34,1.03
0.55,62.74,7.69,2.19,58.49,3.57
2.9,40.2,5.96,11.03,59.29,2.39
2.46,60.69,5.61,2.01,33.95,1.49
0.61,30.81,8.72,2.0,52.49,1.99
1.54,53.68,7.66,1.17,5.81,0.63
4.12,57.28,8.29,14.39,55.89,0.95
1.38,23.63,7.19,11.33,78.06,3.18
0.99,43.56,5.91,5.95,54.01,0.5
2.41,29.41,5.94,5.15,74.9,1.96
4.44,24.44,7.9,5.9,62.92,2.33
1.39,89.3,7.01,11.85,14.64,0.69
3.16,42.56,6.2,10.26,77.2,3.91
3.52,76.69,7.22,3.59,10.32,1.29
1.37,37.82,5.72,3.44,47.72,1.56
3.39,67.71,7.54,2.38,16.37,1.56
1.91,73.22,6.44,10.24,5.94,1.31
2.99,61.69,8.29,11.7,38.76,0.51
3.0,53.01,6.59,4.71,28.6,3.05
2.6,48.83,7.09,1.29,43.88,3.88
0.77,44.42,5.54,2.15,51.18,1.29
3.82,85.07,5.75,14.55,8.5,2.82
1.72,78.14,6.87,5.14,14.84,3.1
1.16,87.55,7.18,11.77,49.69,3.47
0.57,28.7,7.6,9.75,32.45,1.98
2.82,71.16,6.52,6.35,63.33,1.56
3.18,85.68,7.93,3.88,57.18,1.64
0.47,32.69,8.51,2.7,72.65,2.99
2.5,24.65,8.23,9.61,60.4,3.36
1.33,71.88,5.64,11.84,39.39,1.14
3.05,60.21,7.18,10.01,58.84,1.8
1.11,78.93,5.87,8.42,27.03,3.66
3.23,29.78,6.35,1.59,29.51,3.32
1.99,75.67,8.95,14.56,68.12,3.95
4.24,34.11,6.0,12.18,40.71,3.14
0.96,31.46,7.25,5.1,68.87,1.88
1.8,31.5,7.66,14.72,70.79,2.57
0.87,77.02,7.96,9.43,73.6,2.81
4.19,66.56,7.46,9.15,78.33,0.77
4.0,56.61,5.53,11.47,39.48,2.41
1.46,45.12,6.64,12.36,30.51,2.98
3.11,81.4,7.31,10.19,51.58,1.09
3.75,47.47,5.81,2.79,34.69,3.23
2.68,77.16,6.73,5.74,53.09,2.54
2.57,50.74,5.62,13.99,61.45,3.83
1.39,46.39,5.78,4.14,60.07,0.65
0.78,52.39,6.89,6.21,34.96,1.43
4.08,41.1,5.96,7.05,18.35,2.61
4.09,72.33,7.49,7.15,39.44,1.54
3.0,55.19,7.91,9.58,16.41,3.0
1.79,36.25,8.3,14.2,76.21,3.16
1.83,82.97,6.2,4.37,32.67,0.86
3.38,46.87,6.09,2.7,17.36,2.3
4.08,58.05,5.87,3.76,7.04,2.28
4.04,83.45,7.73,13.42,56.67,1.79
3.6,63.7,7.97,10.04,55.95,3.77
3.03,28.18,5.61,5.0,32.25,3.4
0.74,85.79,8.78,12.42,10.74,2.94
1.06,63.94,5.68,13.06,37.77,3.0
4.08,43.44,7.39,12.85,29.9,2.12
2.89,29.75,7.98,13.86,59.17,3.72
0.44,75.58,8.55,4.53,53.46,2.93
0.82,63.41,8.0,11.57,34.17,3.05
3.12,57.34,8.31,7.45,22.43,3.52
0.42,82.57,6.69,12.79,84.04,1.46
1.06,75.2,8.35,11.2,41.32,3.32
2.65,30.62,5.78,11.87,60.06,1.18
3.24,41.82,8.63,10.19,16.24,1.71
3.07,37.39,7.42,3.48,43.85,1.67
1.32,72.08,8.36,8.63,7.2,3.92
3.32,22.35,7.08,14.79,45.44,3.5
1.37,59.89,7.75,14.12,82.12,2.95
1.73,73.37,7.34,1.6,35.74,3.04
3.46,81.37,8.06,3.31,8.12,2.47
3.06,43.95,5.79,2.84,7.48,3.81
3.88,77.49,5.71,11.16,36.04,2.24
3.1,27.74,6.36,12.45,17.8,1.83
2.73,79.25,6.06,3.99,6.87,1.07
0.78,28.92,8.55,8.08,65.5,3.25
1.91,47.81,6.27,12.77,41.68,3.07
1.49,75.81,8.92,11.26,28.14,1.85
1.4,30.49,6.68,8.59,77.01,0.59
4.39,36.05,6.14,9.26,14.29,3.44
2.01,70.56,8.26,8.12,81.47,0.54
4.06,70.4,7.81,5.17,30.12,2.96
2.99,64.88,7.24,8.91,76.07,3.9
3.66,68.58,7.44,10.64,53.24,2.03
2.46,57.99,8.02,13.23,71.14,1.32
2.77,37.63,6.3,9.91,83.72,2.97
2.42,44.2,8.99,11.66,28.07,3.36
1.2,32.71,8.91,3.24,81.89,2.41
3.36,83.59,7.78,7.46,36.16,3.88
1.55,60.84,6.2,1.13,35.84,0.68
0.5,48.06,7.88,4.45,32.23,2.27
3.05,52.34,5.75,11.17,48.31,3.01
1.13,86.31,5.61,14.89,17.33,3.52
4.26,30.73,6.4,2.39,49.3,1.13
4.31,61.04,7.12,6.62,48.34,3.3
4.15,55.41,8.54,12.2,65.95,2.43
1.92,62.8,8.05,3.86,71.69,1.89
0.46,21.27,8.1,8.77,40.24,0.96
4.21,81.05,6.99,11.26,29.19,3.53
2.16,85.25,6.71,9.62,25.75,1.05
4.36,59.56,6.8,3.63,20.57,1.58
4.35,68.77,8.96,5.98,9.61,1.52
3.9,84.57,5.64,11.97,32.4,3.55
1.61,69.51,8.53,8.76,26.62,2.85
1.98,30.68,7.53,1.07,82.31,3.29
3.89,60.34,7.04,11.65,49.62,1.38
1.7,62.47,8.04,1.49,32.78,2.69
1.09,49.69,7.2,11.44,51.44,2.5
2.68,71.55,8.56,3.83,16.14,3.41
4.24,85.41,8.65,14.41,40.52,3.67
3.25,84.79,6.98,6.15,55.1,0.54
2.74,51.56,6.47,5.58,44.11,2.86
0.8,27.93,7.57,3.08,37.14,0.68
2.92,88.94,8.69,5.28,84.51,2.42
4.46,78.72,6.24,13.27,75.43,1.51
0.97,28.73,7.68,14.95,54.87,1.57
2.53,84.46,7.71,6.16,50.55,1.74
4.0,80.89,8.07,7.28,54.65,2.67
3.44,56.32,5.96,11.11,21.1,1.67
3.26,61.39,8.01,13.41,36.61,3.06
3.28,47.93,8.68,9.3,8.16,1.92
1.87,23.83,6.13,6.48,43.04,0.74
1.6,43.46,6.33,6.78,48.44,3.24
3.72,76.2,8.9,10.74,23.22,1.5
3.72,20.32,6.13,1.05,82.12,2.01
3.95,43.34,8.49,9.67,77.76,2.9
4.14,47.87,7.22,5.98,62.77,1.66
2.5,57.62,6.37,12.12,47.67,0.7
2.46,84.39,8.55,2.3,74.6,1.81
3.67,44.24,7.06,9.23,15.45,3.81
3.06,44.29,7.3,7.73,68.24,2.75
3.28,71.63,6.76,9.99,14.99,2.85
3.66,51.66,7.58,1.91,68.54,2.71
4.05,35.72,6.07,9.12,27.06,1.2
1.79,51.67,6.87,8.86,75.17,1.96
1.94,29.86,8.89,8.85,80.52,3.13
0.79,32.35,6.4,9.45,16.9,0.85
2.77,54.89,7.8,10.47,42.01,1.47
0.55,49.32,6.64,12.27,83.48,1.47
2.31,84.04,8.21,4.78,43.67,2.01
2.62,45.37,5.96,12.55,74.08,3.93
1.57,60.64,8.89,7.98,52.1,0.74
2.82,64.26,7.09,2.08,35.03,2.32
0.53,20.92,6.33,1.82,27.86,1.13
0.55,66.45,5.76,5.68,21.26,3.9
3.77,32.46,6.09,11.99,65.94,0.9
1.88,87.27,7.32,10.91,35.92,1.91
0.92,30.41,6.68,12.04,45.9,3.08
2.54,49.02,8.4,8.24,44.39,2.97
3.56,25.97,7.01,7.16,51.18,1.98
1.28,89.78,6.37,3.06,74.25,1.71
2.95,55.15,7.66,5.59,83.46,1.89
0.75,61.68,7.97,7.08,37.61,1.42
0.61,24.7,6.08,2.24,71.2,1.22
2.58,72.5,6.09,4.09,66.16,2.19
2.62,34.69,5.63,9.38,50.88,1.44
3.01,82.86,8.08,11.3,81.48,1.51
3.38,34.36,7.82,14.98,21.04,2.8
4.4,33.35,7.16,14.06,13.74,3.89
2.52,22.56,8.45,10.0,73.32,2.61
1.72,53.04,8.32,6.9,40.13,0.77
3.66,59.54,7.55,9.91,72.76,0.76
1.51,24.6,8.54,12.0,76.45,3.83
2.2,74.29,6.22,2.66,10.0,1.54
0.72,51.73,5.89,6.74,75.68,0.82
0.5,56.71,6.44,12.76,40.87,2.6
4.35,50.85,5.7,6.37,45.83,2.68
3.83,48.05,7.36,9.01,55.13,2.77
3.25,59.17,8.78,9.23,79.11,1.44
2.08,30.87,5.64,3.58,6.53,0.55
1.11,32.73,5.93,6.07,43.15,3.88
1.04,80.32,7.08,5.68,60.02,1.38
1.43,86.23,8.77,1.37,62.82,2.87
2.65,46.13,6.61,1.34,60.4,2.97
3.33,38.95,7.28,12.64,15.75,2.64
3.11,65.08,5.65,4.82,28.95,1.6
1.55,48.61,6.02,8.25,33.7,1.45
4.31,21.78,8.95,5.18,69.35,2.59
3.43,30.93,8.88,14.17,27.3,3.53
2.67,70.12,5.52,4.63,21.86,3.81
2.91,66.12,8.83,7.02,81.6,0.87
2.12,21.9,7.74,13.22,5.71,1.04
1.42,35.54,8.54,12.79,84.83,3.81
1.86,36.18,7.09,3.61,59.15,3.08
3.51,67.03,7.3,12.24,71.28,3.59
0.46,21.38,7.21,7.41,28.57,1.21
0.88,27.29,7.83,7.76,6.15,2.56
0.59,75.99,5.99,2.87,64.03,2.95
0.57,32.5,5.6,2.13,71.73,2.88
3.91,65.69,6.58,11.19,64.24,1.93
3.28,36.67,7.97,7.95,16.43,0.55
2.34,26.96,6.21,7.12,65.27,2.54
0.8,37.02,7.86,11.21,66.51,1.39
2.42,70.56,8.89,11.72,57.68,2.08
2.34,79.9,5.83,3.22,66.29,3.85
1.11,78.12,7.85,9.54,72.67,1.9
2.18,47.8,7.05,2.89,54.09,3.44
2.03,66.77,8.54,11.52,12.09,1.16
2.92,34.35,6.12,10.2,44.01,2.85
3.0,40.52,7.92,14.39,11.21,3.92
0.59,82.74,8.43,1.97,37.6,0.86
1.94,20.91,8.81,1.8,37.57,0.53
2.97,25.99,7.89,4.95,10.28,2.02
2.46,34.55,7.24,4.66,32.91,0.82
3.91,21.86,7.66,4.46,13.88,3.12
3.1,32.7,8.54,13.69,69.66,3.7
1.07,60.81,7.5,4.49,80.82,2.02
0.69,49.5,5.61,4.81,10.79,1.41
3.03,82.49,8.76,11.63,81.41,2.02
0.51,77.22,7.91,7.3,46.81,3.03
2.8,43.93,7.87,11.87,28.97,0.53
4.25,38.16,6.25,1.92,11.15,2.56
2.76,46.58,7.81,7.83,45.05,2.65
1.99,61.32,6.88,1.47,68.56,2.73
3.04,38.76,7.78,1.88,61.57,1.35
2.28,63.69,5.87,13.69,9.02,3.0
2.64,48.66,7.8,2.95,10.83,0.82
4.26,58.64,9.0,8.45,37.23,1.2
1.98,50.53,5.67,6.76,28.62,3.57
4.34,40.61,8.92,5.86,23.59,3.09
4.11,86.39,6.92,13.6,27.48,0.55
1.2,73.45,8.55,1.31,69.28,1.37
0.68,29.81,8.24,10.29,79.34,1.25
0.81,80.79,7.48,14.49,37.41,1.45
0.47,54.12,8.08,8.84,77.49,1.37
0.79,82.62,8.57,14.12,30.72,0.72
3.2,75.99,6.91,1.73,43.11,2.11
0.69,49.76,6.64,6.86,23.08,3.06
1.71,21.57,7.84,4.64,56.24,2.62
3.86,38.81,8.33,11.23,83.32,2.86
0.5,57.91,8.17,14.74,53.28,0.78
3.74,64.34,8.29,4.59,33.63,3.83
1.56,38.05,7.02,10.16,56.83,3.43
0.88,29.75,8.36,3.77,14.83,3.32
3.26,78.45,5.92,8.91,76.09,3.38
2.98,88.91,7.41,7.5,45.25,3.76
4.0,56.8,5.52,14.61,40.95,2.4
3.41,32.02,6.64,9.52,51.87,1.2
3.69,39.06,6.78,5.89,54.98,2.66
1.56,21.29,6.89,2.6,10.74,3.1
1.13,84.0,7.93,3.12,59.61,3.08
3.48,28.24,6.86,4.15,24.35,2.33
3.71,60.36,7.07,4.51,62.12,0.74
4.46,39.18,6.33,12.91,70.8,1.8
2.09,58.79,6.81,8.86,69.32,3.72
1.93,65.6,6.3,8.33,49.2,2.55
3.58,78.08,5.76,2.61,46.61,2.38
1.8,34.45,7.61,13.04,16.43,1.44
4.22,20.77,7.84,11.12,67.03,1.79
3.92,29.58,7.67,1.95,26.71,3.63
2.16,83.0,7.12,10.91,44.74,2.83
3.48,81.17,6.83,8.61,27.74,3.26
3.49,61.82,8.52,2.14,15.71,2.09
0.82,62.04,7.32,7.42,55.36,2.71
4.1,66.55,7.18,7.79,9.35,1.37
2.47,32.28,5.59,3.32,64.89,2.97
3.79,84.01,6.69,14.24,30.41,2.0
1.71,49.31,6.83,12.9,5.01,2.05
4.07,46.82,6.9,10.37,45.89,2.77
2.0,56.32,7.53,7.47,8.75,3.78
0.44,23.29,7.37,6.76,27.09,0.72
4.11,31.64,7.63,10.11,61.56,3.39
0.77,71.66,8.18,8.64,10.02,1.52
1.71,25.8,8.35,1.87,72.15,2.05
4.3,62.22,8.01,8.18,5.31,0.58
4.3,37.17,8.84,12.29,24.75,1.55
2.75,47.25,5.56,7.43,64.27,2.26
2.99,40.21,6.19,1.73,30.3,0.7
2.24,44.9,5.53,12.01,13.15,2.22
1.6,70.33,7.77,3.82,33.82,3.74
1.75,40.8,8.64,4.62,26.63,0.87
3.16,59.65,6.35,3.31,72.42,3.18
3.48,53.32,8.74,5.62,30.07,1.93
3.65,66.46,5.71,11.59,68.11,2.79
3.64,85.58,8.77,8.27,76.35,1.41
0.77,71.28,6.73,3.87,39.71,1.06
2.43,35.05,5.85,13.29,77.8,1.06
0.64,22.18,7.2,13.31,35.19,0.75
2.65,38.36,6.4,13.19,82.13,1.15
2.21,61.66,6.5,4.34,12.14,2.82
4.04,23.6,6.58,7.32,59.96,3.59
1.84,54.75,8.31,14.79,44.51,3.35
0.88,61.78,7.39,11.81,36.01,2.9
0.99,43.4,6.59,1.38,55.62,0.89
3.52,73.96,7.64,1.91,61.31,1.51
2.93,27.46,8.01,7.5,5.35,1.58
0.81,25.26,6.45,13.73,18.36,1.37
0.74,70.97,6.95,8.54,62.04,2.3
3.27,54.68,5.93,7.97,58.31,2.37
0.7,68.19,6.13,2.48,82.28,1.75
3.77,50.44,7.88,10.19,65.88,1.74
3.3,37.25,6.14,12.51,81.06,3.4
0.73,77.34,7.34,6.33,61.2,3.26
0.75,75.96,7.98,11.86,28.84,1.58
4.45,68.63,5.87,14.5,13.43,3.7
1.93,39.05,7.49,3.85,67.55,3.83
1.92,61.32,6.4,8.33,56.53,1.64
3.73,45.27,8.87,5.02,8.85,1.74
4.28,26.41,7.19,12.1,33.8,2.27
4.44,84.21,8.32,9.09,81.54,3.79
3.49,29.58,7.43,9.88,45.03,3.57
1.94,86.52,5.65,12.17,39.62,0.86
0.74,51.22,7.72,6.54,41.62,1.87
3.59,32.96,8.83,13.81,21.71,2.44
2.69,57.93,7.61,8.46,34.5,2.26
2.14,81.11,8.37,3.21,34.59,1.18
4.12,71.26,8.59,10.74,9.19,3.51
0.86,76.46,6.3,12.11,66.41,2.87
2.42,66.11,6.24,5.43,38.32,3.43
0.45,68.46,7.64,13.0,70.77,3.51
2.32,79.44,6.94,13.69,73.03,3.12
0.63,37.48,8.44,4.88,21.96,2.04
0.89,54.26,8.65,14.77,57.59,2.64
0.88,35.48,6.74,2.97,42.78,1.06
3.06,89.14,6.33,3.83,75.41,2.86
3.46,86.08,8.23,3.58,22.26,1.13
2.79,22.76,6.46,13.52,59.23,2.93
4.34,69.39,8.38,10.16,53.62,1.3
1.94,84.77,6.98,3.13,28.62,0.91
1.57,32.64,7.84,7.16,15.93,1.08
3.96,59.76,5.83,9.61,57.13,0.51
1.32,84.08,7.68,2.17,64.09,3.02
4.35,22.38,7.08,13.35,30.25,3.06
0.45,68.82,7.55,12.25,56.59,2.3
4.38,40.81,6.09,8.07,36.61,1.06
0.58,84.71,8.08,14.54,62.06,0.79
4.05,87.97,8.52,6.85,20.94,0.57
2.56,86.1,6.26,14.78,76.22,1.08
4.47,53.19,5.84,10.35,27.99,3.62
0.7,80.34,5.58,9.89,34.42,1.35
2.67,79.12,7.75,3.32,9.65,1.74
4.37,42.34,7.62,13.35,13.92,0.87
2.54,78.02,7.41,6.98,46.27,1.28
2.98,22.59,6.31,3.27,26.41,2.32
3.25,61.74,6.87,1.18,71.84,2.63
2.26,36.1,7.58,8.84,6.18,1.36
2.97,28.44,7.24,8.38,35.33,0.7
2.8,25.39,8.96,11.07,31.99,1.87
4.09,68.74,5.98,13.46,6.55,1.32
0.59,43.79,7.93,2.11,14.95,1.27
1.55,70.73,6.92,11.24,38.09,3.86
4.3,24.57,7.0,3.62,44.43,2.66
4.05,42.07,8.01,13.01,37.34,2.45
2.27,57.76,7.92,12.47,47.48,1.96
2.94,75.35,8.97,8.57,52.61,2.0
1.54,42.31,5.95,10.94,5.79,2.39
1.17,63.81,5.86,5.4,42.13,2.94
2.3,82.02,8.04,7.6,82.08,2.96
1.85,63.11,7.52,12.5,46.52,1.1
2.79,36.31,6.46,7.43,59.2,2.25
0.72,21.71,5.78,6.01,29.95,1.94
4.4,80.91,5.8,7.92,66.92,3.55
4.44,21.49,8.63,12.6,66.83,2.71
3.26,81.23,6.17,5.69,46.7,2.36
2.6,57.03,6.63,3.43,83.08,0.9
1.67,85.73,6.29,10.97,15.04,2.62
3.74,75.91,6.74,12.56,6.36,0.91
3.21,89.86,5.74,2.41,66.61,1.68
1.07,44.55,7.32,4.36,69.57,1.0
4.13,73.7,5.74,2.99,14.62,2.92
3.77,48.14,8.3,5.87,26.25,1.22
4.29,53.59,6.32,7.3,6.4,1.87
3.38,63.93,7.39,11.48,28.46,3.63
2.92,81.16,8.58,10.12,66.85,1.22
2.11,88.89,7.78,9.69,46.44,2.28
4.22,73.78,7.37,5.93,32.85,1.97
3.95,49.24,6.64,12.78,34.74,0.56
0.59,49.49,6.67,7.6,5.11,3.27
0.51,71.63,7.84,14.71,28.98,0.74
1.94,36.71,8.98,9.88,56.72,2.16
3.72,27.73,7.82,2.77,82.94,2.46
4.45,44.82,7.45,10.47,72.76,2.7
1.02,40.11,8.06,5.55,6.89,2.91
2.84,40.74,7.13,10.61,76.88,1.39
1.96,36.35,5.71,1.97,67.66,0.53
4.38,22.95,7.47,3.45,67.43,3.03
3.85,21.25,8.85,12.98,41.64,2.37
3.84,89.14,6.11,4.18,36.84,3.43
2.32,49.94,7.92,12.72,29.23,3.37
2.1,46.9,6.2,4.91,10.26,3.45
1.52,67.58,7.38,10.0,23.26,2.2
0.63,35.28,5.84,10.72,24.73,1.67
3.95,86.5,7.08,8.18,43.73,3.27
3.73,75.04,8.15,5.27,64.8,2.08
4.5,26.26,6.72,3.98,42.9,1.14
4.49,49.23,7.83,1.46,9.63,3.49
2.68,81.54,8.28,5.26,81.62,3.59
3.55,86.13,8.75,10.14,80.42,2.13
4.27,52.72,6.32,14.14,67.82,0.76
3.88,62.94,6.9,13.2,84.31,1.86
1.41,31.69,6.03,11.72,48.56,3.31
2.25,89.38,8.97,12.04,82.02,3.66
0.93,36.22,8.74,10.31,11.05,1.21
4.31,85.99,7.39,4.64,34.25,0.73
2.89,65.48,8.45,13.7,23.03,3.57
1.34,62.54,7.32,10.39,20.67,1.86
3.15,55.89,7.68,8.85,16.26,2.4
2.93,36.15,5.81,2.55,54.79,3.89
1.87,32.36,8.14,7.26,67.51,0.73
0.87,35.43,5.95,7.45,51.26,2.77
3.15,33.05,8.39,13.1,16.76,0.76
2.53,74.57,8.24,8.65,69.89,1.81
3.57,44.51,7.98,6.33,55.88,3.31
