State,District,Dealer_Name,Dealer_Type,Address,License_No,Available_Fertilizers,Source,License_Name
Maharashtra,Pune,Maharashtra State Cooperative Marketing Federation (MSCMF),Cooperative Apex Society,"Gultekdi Market Yard, Pune - 411037",MH-PUN-RET-0104,"Neem Coated Urea, DAP, MOP, 10-26-26","Department of Fertilizers (DoF), DBT in Fertilizers Portal",
Maharashtra,Pune,Haveli Taluka Cooperative Purchase and Sale Society,PACS / Cooperative Society,"Hadapsar Main Road, Pune - 411028",MH-PUN-PACS-0211,"Neem Coated Urea, DAP, Single Super Phosphate","Department of Fertilizers (DoF), DBT in Fertilizers Portal",
Maharashtra,Pune,Baramati Kisan Seva Kendra (IFFCO Authorized),IFFCO Kisan Seva Kendra,"MIDC Area, Baramati, Dist. Pune - 413133",MH-PUN-RET-0542,"Neem Coated Urea, IFFCO NPK 10-26-26, Nano Urea","Department of Fertilizers (DoF), DBT in Fertilizers Portal",
Maharashtra,Pune,Shirur Taluka Sahakari Kharedi Vikri Sangh,PACS / Cooperative Society,"Shirur Bus Stand Road, Shirur, Pune - 412210",MH-PUN-PACS-0388,"Neem Coated Urea, DAP, MOP","Department of Fertilizers (DoF), DBT in Fertilizers Portal",
Maharashtra,Pune,Khed Agro Input Retail Center,Private Retail Dealer,"Chakan Chowk, Rajgurunagar (Khed), Pune - 410505",MH-PUN-RET-0899,"Urea, 12-32-16, SSP, Potash","Department of Fertilizers (DoF), DBT in Fertilizers Portal",
Maharashtra,Pune,Junnar Farmers Service Cooperative Society,PACS / Cooperative Society,"Shivaji Chowk, Junnar, Pune - 410502",MH-PUN-PACS-0145,"Neem Coated Urea, DAP, NPK 20-20-0-13","Department of Fertilizers (DoF), DBT in Fertilizers Portal",
Maharashtra,Nashik,Nashik District Central Cooperative Purchase & Sale Union,Cooperative Apex Society,"Old Agra Road, Shalimar, Nashik - 422001",MH-NSK-RET-0112,"Neem Coated Urea, DAP, MOP, 10-26-26","Department of Fertilizers (DoF), DBT in Fertilizers Portal",
Maharashtra,Nashik,Lasalgaon Sahakari Kharedi Vikri Sangh,PACS / Cooperative Society,"Station Road, Lasalgaon, Nashik - 422306",MH-NSK-PACS-0419,"Neem Coated Urea, DAP, Single Super Phosphate","Department of Fertilizers (DoF), DBT in Fertilizers Portal",
Maharashtra,Nashik,Pimpalgaon Baswant Kisan Kendra,Private Retail Dealer,"Highway Naka, Pimpalgaon Baswant, Nashik - 422209",MH-NSK-RET-0723,"Neem Coated Urea, MOP, 12-32-16","Department of Fertilizers (DoF), DBT in Fertilizers Portal",
Maharashtra,Nagpur,Nagpur Sahakari Kharedi Vikri Samiti,Cooperative Society,"Kalamna Market Yard, Nagpur - 440008",MH-NGP-PACS-0205,"Neem Coated Urea, DAP, NPK 20-20-0-13","Department of Fertilizers (DoF), DBT in Fertilizers Portal",
Maharashtra,Nagpur,Saoner Agro Service Center,Private Retail Dealer,"Main Road, Saoner, Dist. Nagpur - 441107",MH-NGP-RET-0341,"Neem Coated Urea, DAP, Single Super Phosphate","Department of Fertilizers (DoF), DBT in Fertilizers Portal",
Uttar Pradesh,Lucknow,UP State Agro Industrial Corporation Retail Depot,State Agro Corporation,"Talkatora Industrial Area, Lucknow - 226011",UP-LKO-RET-0045,"Neem Coated Urea, IFFCO DAP, MOP","Department of Fertilizers (DoF), DBT in Fertilizers Portal",
Uttar Pradesh,Lucknow,Bakshi Ka Talab Cooperative Seed & Fertilizer Store,PACS / Cooperative Society,"BKT Market, Lucknow - 226201",UP-LKO-PACS-0188,"Neem Coated Urea, DAP, Single Super Phosphate","Department of Fertilizers (DoF), DBT in Fertilizers Portal",
Punjab,Ludhiana,The Ludhiana Cooperative Marketing-cum-Processing Society,Cooperative Society,"Old Grain Market, Gill Road, Ludhiana - 141003",PB-LDH-PACS-0091,"Neem Coated Urea, DAP, MOP","Department of Fertilizers (DoF), DBT in Fertilizers Portal",
Punjab,Ludhiana,Markfed Agro Service Center,Markfed Depot,"Ferozepur Road, Ludhiana - 141001",,"Neem Coated Urea, DAP, 12-32-16","Department of Fertilizers (DoF), DBT in Fertilizers Portal",PB-LDH-RET-0312
Madhya Pradesh,Indore,MP State Cooperative Marketing Federation (Markfed),Cooperative Apex Society,"Sanwer Road, Sector B, Indore - 452015",MP-IND-RET-0056,"Neem Coated Urea, DAP, Single Super Phosphate","Department of Fertilizers (DoF), DBT in Fertilizers Portal",
Madhya Pradesh,Indore,Depalpur Kisan Seva Sahakari Samiti,PACS / Cooperative Society,"Depalpur Main Market, Indore - 453115",MP-IND-PACS-0142,"Neem Coated Urea, DAP, Potash","Department of Fertilizers (DoF), DBT in Fertilizers Portal",
Gujarat,Rajkot,Rajkot District Cooperative Purchase & Sale Union Ltd.,Cooperative Society,"Dhebar Road, Rajkot - 360001",GJ-RJK-PACS-0103,"Neem Coated Urea, GSFC DAP, NPK 10-26-26","Department of Fertilizers (DoF), DBT in Fertilizers Portal",
Karnataka,Dharwad,Karnataka State Cooperative Marketing Federation (KSCMF),Cooperative Apex Society,"APMC Yard, Amargol, Hubballi-Dharwad - 580025",KA-DHD-RET-0082,"Neem Coated Urea, DAP, MOP, 20-20-0-13","Department of Fertilizers (DoF), DBT in Fertilizers Portal",
